<annotation verified="yes">
                                    <folder>Annotation</folder>
                                    <filename>000716</filename>
                                    <path>C:\Users\HT\Downloads\beer_bottle_cup_dataset\train\annotations\JPEGImages\000716.jpg</path>
                                    <source>
                                        <database>Unknown</database>
                                    </source>
                                    <size>
                                        <width>1024</width>
                                        <height>1024</height>
                                        <depth>3</depth>
                                    </size>
                                    <segmented>0</segmented>
                                    <object>
                                            <name>corona</name>
                                            <pose>Unspecified</pose>
                                            <truncated>0</truncated>
                                            <difficult>0</difficult>
                                            <bndbox>
                                                <xmin>375.7559145480226</xmin>
                                                <ymin>17.934465483757062</ymin>
                                                <xmax>646.5084745762712</xmax>
                                                <ymax>1006.0655896892655</ymax>
                                            </bndbox>
                                    </object>
                                    </annotation>