<annotation verified="yes">
                                    <folder>Annotation</folder>
                                    <filename>000974</filename>
                                    <path>C:\Users\HT\Downloads\beer_bottle_cup_dataset\train\annotations\JPEGImages\000974.jpg</path>
                                    <source>
                                        <database>Unknown</database>
                                    </source>
                                    <size>
                                        <width>1800</width>
                                        <height>1800</height>
                                        <depth>3</depth>
                                    </size>
                                    <segmented>0</segmented>
                                    <object>
                                            <name>hienieken</name>
                                            <pose>Unspecified</pose>
                                            <truncated>0</truncated>
                                            <difficult>0</difficult>
                                            <bndbox>
                                                <xmin>648.3050847457628</xmin>
                                                <ymin>31.525427608166712</ymin>
                                                <xmax>1144.576302221266</xmax>
                                                <ymax>1772.5424039161812</ymax>
                                            </bndbox>
                                    </object>
                                    </annotation>