<annotation verified="yes">
                                    <folder>Annotation</folder>
                                    <filename>004716</filename>
                                    <path>C:\Users\HT\Downloads\beer_bottle_cup_dataset\train\annotations\JPEGImages\004716.jpg</path>
                                    <source>
                                        <database>Unknown</database>
                                    </source>
                                    <size>
                                        <width>503</width>
                                        <height>1024</height>
                                        <depth>3</depth>
                                    </size>
                                    <segmented>0</segmented>
                                    <object>
                                            <name>guinness_b</name>
                                            <pose>Unspecified</pose>
                                            <truncated>0</truncated>
                                            <difficult>0</difficult>
                                            <bndbox>
                                                <xmin>72.6878612716763</xmin>
                                                <ymin>1.7355943237994351</ymin>
                                                <xmax>444.84971098265896</xmax>
                                                <ymax>971.3537252824859</ymax>
                                            </bndbox>
                                    </object>
                                    </annotation>