<annotation verified="yes">
                                    <folder>Annotation</folder>
                                    <filename>004862</filename>
                                    <path>C:\Users\HT\Downloads\beer_bottle_cup_dataset\train\annotations\JPEGImages\004862.jpg</path>
                                    <source>
                                        <database>Unknown</database>
                                    </source>
                                    <size>
                                        <width>1024</width>
                                        <height>768</height>
                                        <depth>3</depth>
                                    </size>
                                    <segmented>0</segmented>
                                    <object>
                                            <name>hienieken</name>
                                            <pose>Unspecified</pose>
                                            <truncated>0</truncated>
                                            <difficult>0</difficult>
                                            <bndbox>
                                                <xmin>307.41697563559325</xmin>
                                                <ymin>8.244072348384535</ymin>
                                                <xmax>519.1593617584746</xmax>
                                                <ymax>716.3661281779661</ymax>
                                            </bndbox>
                                    </object>
                                    
                                    <object>
                                            <name>hienieken</name>
                                            <pose>Unspecified</pose>
                                            <truncated>0</truncated>
                                            <difficult>0</difficult>
                                            <bndbox>
                                                <xmin>553.8712261652543</xmin>
                                                <ymin>11.715255478681144</ymin>
                                                <xmax>755.2000794491526</xmax>
                                                <ymax>723.3084613347457</ymax>
                                            </bndbox>
                                    </object>
                                    </annotation>