<annotation verified="yes">
                                    <folder>Annotation</folder>
                                    <filename>004891</filename>
                                    <path>C:\Users\HT\Downloads\beer_bottle_cup_dataset\train\annotations\JPEGImages\004891.jpg</path>
                                    <source>
                                        <database>Unknown</database>
                                    </source>
                                    <size>
                                        <width>768</width>
                                        <height>1024</height>
                                        <depth>3</depth>
                                    </size>
                                    <segmented>0</segmented>
                                    <object>
                                            <name>hienieken</name>
                                            <pose>Unspecified</pose>
                                            <truncated>0</truncated>
                                            <difficult>0</difficult>
                                            <bndbox>
                                                <xmin>182.58113207547171</xmin>
                                                <ymin>1.7355943237994351</ymin>
                                                <xmax>516.4438089622641</xmax>
                                                <ymax>906.5581744350283</ymax>
                                            </bndbox>
                                    </object>
                                    </annotation>