<annotation verified="yes">
                                    <folder>Annotation</folder>
                                    <filename>004860</filename>
                                    <path>C:\Users\HT\Downloads\beer_bottle_cup_dataset\train\annotations\JPEGImages\004860.jpg</path>
                                    <source>
                                        <database>Unknown</database>
                                    </source>
                                    <size>
                                        <width>768</width>
                                        <height>1024</height>
                                        <depth>3</depth>
                                    </size>
                                    <segmented>0</segmented>
                                    <object>
                                            <name>hienieken</name>
                                            <pose>Unspecified</pose>
                                            <truncated>0</truncated>
                                            <difficult>0</difficult>
                                            <bndbox>
                                                <xmin>388.9268278301887</xmin>
                                                <ymin>399.76496292372883</ymin>
                                                <xmax>460.8</xmax>
                                                <ymax>658.9469014830509</ymax>
                                            </bndbox>
                                    </object>
                                    
                                    <object>
                                            <name>hienieken</name>
                                            <pose>Unspecified</pose>
                                            <truncated>0</truncated>
                                            <difficult>0</difficult>
                                            <bndbox>
                                                <xmin>259.09130306603777</xmin>
                                                <ymin>404.3932291666667</ymin>
                                                <xmax>321.6905660377359</xmax>
                                                <ymax>661.2610346045198</ymax>
                                            </bndbox>
                                    </object>
                                    </annotation>