<annotation verified="yes">
                                    <folder>Annotation</folder>
                                    <filename>0072_guinness_can_3d</filename>
                                    <path>C:\Users\HT\Downloads\beer_bottle_cup_dataset\train\annotations\JPEGImages\0072_guinness_can_3d.jpg</path>
                                    <source>
                                        <database>Unknown</database>
                                    </source>
                                    <size>
                                        <width>360</width>
                                        <height>500</height>
                                        <depth>3</depth>
                                    </size>
                                    <segmented>0</segmented>
                                    <object>
                                            <name>guinness_c</name>
                                            <pose>Unspecified</pose>
                                            <truncated>0</truncated>
                                            <difficult>0</difficult>
                                            <bndbox>
                                                <xmin>72.42520550104577</xmin>
                                                <ymin>11.016948074944276</ymin>
                                                <xmax>287.8582763671875</xmax>
                                                <ymax>491.2429637154617</ymax>
                                            </bndbox>
                                    </object>
                                    </annotation>