<annotation verified="yes">
                                    <folder>Annotation</folder>
                                    <filename>0317-04</filename>
                                    <path>C:\Users\HT\Downloads\beer_bottle_cup_dataset\train\annotations\JPEGImages\0317-04.jpg</path>
                                    <source>
                                        <database>Unknown</database>
                                    </source>
                                    <size>
                                        <width>600</width>
                                        <height>400</height>
                                        <depth>3</depth>
                                    </size>
                                    <segmented>0</segmented>
                                    <object>
                                            <name>guinness_b</name>
                                            <pose>Unspecified</pose>
                                            <truncated>0</truncated>
                                            <difficult>0</difficult>
                                            <bndbox>
                                                <xmin>254.91526113391595</xmin>
                                                <ymin>0.6779665327341543</ymin>
                                                <xmax>377.85310044800497</xmax>
                                                <ymax>397.51414498366876</ymax>
                                            </bndbox>
                                    </object>
                                    
                                    <object>
                                            <name>guinness_b</name>
                                            <pose>Unspecified</pose>
                                            <truncated>0</truncated>
                                            <difficult>0</difficult>
                                            <bndbox>
                                                <xmin>16.271196785619704</xmin>
                                                <ymin>0.6779665327341543</ymin>
                                                <xmax>138.30507784913488</xmax>
                                                <ymax>178.75705869857873</ymax>
                                            </bndbox>
                                    </object>
                                    
                                    <object>
                                            <name>guinness_b</name>
                                            <pose>Unspecified</pose>
                                            <truncated>0</truncated>
                                            <difficult>0</difficult>
                                            <bndbox>
                                                <xmin>149.15254237288136</xmin>
                                                <ymin>0.6779665327341543</ymin>
                                                <xmax>251.29942813162077</xmax>
                                                <ymax>167.90961141640184</ymax>
                                            </bndbox>
                                    </object>
                                    </annotation>