<annotation verified="yes">
                                    <folder>Annotation</folder>
                                    <filename>082657543338</filename>
                                    <path>C:\Users\HT\Downloads\beer_bottle_cup_dataset\train\annotations\JPEGImages\082657543338.jpg</path>
                                    <source>
                                        <database>Unknown</database>
                                    </source>
                                    <size>
                                        <width>900</width>
                                        <height>900</height>
                                        <depth>3</depth>
                                    </size>
                                    <segmented>0</segmented>
                                    <object>
                                            <name>water_b</name>
                                            <pose>Unspecified</pose>
                                            <truncated>0</truncated>
                                            <difficult>0</difficult>
                                            <bndbox>
                                                <xmin>316.0169957047802</xmin>
                                                <ymin>44.23729201494638</ymin>
                                                <xmax>582.4576426360567</xmax>
                                                <ymax>876.1017104326669</ymax>
                                            </bndbox>
                                    </object>
                                    </annotation>