<annotation verified="yes">
                                    <folder>Annotation</folder>
                                    <filename>1</filename>
                                    <path>C:\Users\HT\Downloads\beer_bottle_cup_dataset\train\annotations\JPEGImages\1.jpg</path>
                                    <source>
                                        <database>Unknown</database>
                                    </source>
                                    <size>
                                        <width>852</width>
                                        <height>480</height>
                                        <depth>3</depth>
                                    </size>
                                    <segmented>0</segmented>
                                    <object>
                                            <name>water_b</name>
                                            <pose>Unspecified</pose>
                                            <truncated>0</truncated>
                                            <difficult>0</difficult>
                                            <bndbox>
                                                <xmin>339.3076515926677</xmin>
                                                <ymin>37.69491421974311</ymin>
                                                <xmax>512.9637025480818</xmax>
                                                <ymax>454.2372881355932</ymax>
                                            </bndbox>
                                    </object>
                                    </annotation>