<annotation verified="yes">
                                    <folder>Annotation</folder>
                                    <filename>1023556271</filename>
                                    <path>C:\Users\HT\Downloads\beer_bottle_cup_dataset\train\annotations\JPEGImages\1023556271.jpg</path>
                                    <source>
                                        <database>Unknown</database>
                                    </source>
                                    <size>
                                        <width>3000</width>
                                        <height>3000</height>
                                        <depth>3</depth>
                                    </size>
                                    <segmented>0</segmented>
                                    <object>
                                            <name>cup</name>
                                            <pose>Unspecified</pose>
                                            <truncated>0</truncated>
                                            <difficult>0</difficult>
                                            <bndbox>
                                                <xmin>300.8474576271187</xmin>
                                                <ymin>18.644074262198757</ymin>
                                                <xmax>2673.728813559322</xmax>
                                                <ymax>2988.1356449450477</ymax>
                                            </bndbox>
                                    </object>
                                    </annotation>