<annotation verified="yes">
                                    <folder>Annotation</folder>
                                    <filename>1057076</filename>
                                    <path>C:\Users\HT\Downloads\beer_bottle_cup_dataset\train\annotations\JPEGImages\1057076.jpg</path>
                                    <source>
                                        <database>Unknown</database>
                                    </source>
                                    <size>
                                        <width>600</width>
                                        <height>600</height>
                                        <depth>3</depth>
                                    </size>
                                    <segmented>0</segmented>
                                    <object>
                                            <name>cup</name>
                                            <pose>Unspecified</pose>
                                            <truncated>0</truncated>
                                            <difficult>0</difficult>
                                            <bndbox>
                                                <xmin>69.66102729409428</xmin>
                                                <ymin>0</ymin>
                                                <xmax>527.9661016949153</xmax>
                                                <ymax>536.6101798364672</ymax>
                                            </bndbox>
                                    </object>
                                    </annotation>