<annotation verified="yes">
                                    <folder>Annotation</folder>
                                    <filename>119170585-london-uk-february-06-2019-bottle-of-heineken-lager-beer-on-wooden-background-with-original-glass-he</filename>
                                    <path>C:\Users\HT\Downloads\beer_bottle_cup_dataset\train\annotations\JPEGImages\119170585-london-uk-february-06-2019-bottle-of-heineken-lager-beer-on-wooden-background-with-original-glass-he.jpg</path>
                                    <source>
                                        <database>Unknown</database>
                                    </source>
                                    <size>
                                        <width>919</width>
                                        <height>1300</height>
                                        <depth>3</depth>
                                    </size>
                                    <segmented>0</segmented>
                                    <object>
                                            <name>hienieken</name>
                                            <pose>Unspecified</pose>
                                            <truncated>0</truncated>
                                            <difficult>0</difficult>
                                            <bndbox>
                                                <xmin>151.08362243652346</xmin>
                                                <ymin>99.15254237288136</ymin>
                                                <xmax>453.986</xmax>
                                                <ymax>1159.717581366415</ymax>
                                            </bndbox>
                                    </object>
                                    </annotation>