<annotation verified="yes">
                                    <folder>Annotation</folder>
                                    <filename>1200px-Coffee-cup-sleeve</filename>
                                    <path>C:\Users\HT\Downloads\beer_bottle_cup_dataset\train\annotations\JPEGImages\1200px-Coffee-cup-sleeve.jpg</path>
                                    <source>
                                        <database>Unknown</database>
                                    </source>
                                    <size>
                                        <width>1200</width>
                                        <height>800</height>
                                        <depth>3</depth>
                                    </size>
                                    <segmented>0</segmented>
                                    <object>
                                            <name>cup</name>
                                            <pose>Unspecified</pose>
                                            <truncated>0</truncated>
                                            <difficult>0</difficult>
                                            <bndbox>
                                                <xmin>426.6667080464336</xmin>
                                                <ymin>127.90960969224489</ymin>
                                                <xmax>762.9378669006003</xmax>
                                                <ymax>699.2090257547669</ymax>
                                            </bndbox>
                                    </object>
                                    </annotation>