<annotation verified="yes">
                                    <folder>Annotation</folder>
                                    <filename>1200px-Plastic_cups</filename>
                                    <path>C:\Users\HT\Downloads\beer_bottle_cup_dataset\train\annotations\JPEGImages\1200px-Plastic_cups.jpg</path>
                                    <source>
                                        <database>Unknown</database>
                                    </source>
                                    <size>
                                        <width>1200</width>
                                        <height>941</height>
                                        <depth>3</depth>
                                    </size>
                                    <segmented>0</segmented>
                                    <object>
                                            <name>water_b</name>
                                            <pose>Unspecified</pose>
                                            <truncated>0</truncated>
                                            <difficult>0</difficult>
                                            <bndbox>
                                                <xmin>59.60091127788941</xmin>
                                                <ymin>297.18588381837316</ymin>
                                                <xmax>532.150776053215</xmax>
                                                <ymax>856.4695239740577</ymax>
                                            </bndbox>
                                    </object>
                                    
                                    <object>
                                            <name>water_b</name>
                                            <pose>Unspecified</pose>
                                            <truncated>0</truncated>
                                            <difficult>0</difficult>
                                            <bndbox>
                                                <xmin>610.9091071490437</xmin>
                                                <ymin>356.729370418915</ymin>
                                                <xmax>1047.2728247124446</xmax>
                                                <ymax>922.3926553672317</ymax>
                                            </bndbox>
                                    </object>
                                    </annotation>