<annotation verified="yes">
                                    <folder>Annotation</folder>
                                    <filename>1200px-2008_0622Szentkirály0110</filename>
                                    <path>C:\Users\HT\Downloads\beer_bottle_cup_dataset\train\annotations\JPEGImages\1200px-2008_0622Szentkirály0110.jpeg</path>
                                    <source>
                                        <database>Unknown</database>
                                    </source>
                                    <size>
                                        <width>1200</width>
                                        <height>1600</height>
                                        <depth>3</depth>
                                    </size>
                                    <segmented>0</segmented>
                                    <object>
                                            <name>water_b</name>
                                            <pose>Unspecified</pose>
                                            <truncated>0</truncated>
                                            <difficult>0</difficult>
                                            <bndbox>
                                                <xmin>390.3396779186321</xmin>
                                                <ymin>75.02826755329714</ymin>
                                                <xmax>806.9434515035377</xmax>
                                                <ymax>1336.9492353019068</ymax>
                                            </bndbox>
                                    </object>
                                    </annotation>