<annotation verified="yes">
                                    <folder>Annotation</folder>
                                    <filename>1200px-Paper_cup_DS</filename>
                                    <path>C:\Users\HT\Downloads\beer_bottle_cup_dataset\train\annotations\JPEGImages\1200px-Paper_cup_DS.jpg</path>
                                    <source>
                                        <database>Unknown</database>
                                    </source>
                                    <size>
                                        <width>1200</width>
                                        <height>800</height>
                                        <depth>3</depth>
                                    </size>
                                    <segmented>0</segmented>
                                    <object>
                                            <name>cup</name>
                                            <pose>Unspecified</pose>
                                            <truncated>0</truncated>
                                            <difficult>0</difficult>
                                            <bndbox>
                                                <xmin>350.73449086334745</xmin>
                                                <ymin>140.56498209635416</ymin>
                                                <xmax>844.2938680702683</xmax>
                                                <ymax>748.0225988700565</ymax>
                                            </bndbox>
                                    </object>
                                    </annotation>