<annotation verified="yes">
                                    <folder>Annotation</folder>
                                    <filename>12oz-paper-cup</filename>
                                    <path>C:\Users\HT\Downloads\beer_bottle_cup_dataset\train\annotations\JPEGImages\12oz-paper-cup.jpg</path>
                                    <source>
                                        <database>Unknown</database>
                                    </source>
                                    <size>
                                        <width>1004</width>
                                        <height>1379</height>
                                        <depth>3</depth>
                                    </size>
                                    <segmented>0</segmented>
                                    <object>
                                            <name>water_b</name>
                                            <pose>Unspecified</pose>
                                            <truncated>0</truncated>
                                            <difficult>0</difficult>
                                            <bndbox>
                                                <xmin>49.22337014758634</xmin>
                                                <ymin>74.0141242937853</ymin>
                                                <xmax>961.8086079994529</xmax>
                                                <ymax>1295.636746939966</ymax>
                                            </bndbox>
                                    </object>
                                    </annotation>