<annotation verified="yes">
                                    <folder>Annotation</folder>
                                    <filename>1334</filename>
                                    <path>C:\Users\HT\Downloads\beer_bottle_cup_dataset\train\annotations\JPEGImages\1334.jpg</path>
                                    <source>
                                        <database>Unknown</database>
                                    </source>
                                    <size>
                                        <width>500</width>
                                        <height>1000</height>
                                        <depth>3</depth>
                                    </size>
                                    <segmented>0</segmented>
                                    <object>
                                            <name>corona</name>
                                            <pose>Unspecified</pose>
                                            <truncated>0</truncated>
                                            <difficult>0</difficult>
                                            <bndbox>
                                                <xmin>98.87005649717514</xmin>
                                                <ymin>8.474576271186441</ymin>
                                                <xmax>394.91530596199686</xmax>
                                                <ymax>1000</ymax>
                                            </bndbox>
                                    </object>
                                    </annotation>