<annotation verified="yes">
                                    <folder>Annotation</folder>
                                    <filename>13774598</filename>
                                    <path>C:\Users\HT\Downloads\beer_bottle_cup_dataset\train\annotations\JPEGImages\13774598.jpeg</path>
                                    <source>
                                        <database>Unknown</database>
                                    </source>
                                    <size>
                                        <width>640</width>
                                        <height>640</height>
                                        <depth>3</depth>
                                    </size>
                                    <segmented>0</segmented>
                                    <object>
                                            <name>cup</name>
                                            <pose>Unspecified</pose>
                                            <truncated>0</truncated>
                                            <difficult>0</difficult>
                                            <bndbox>
                                                <xmin>171.20906161723164</xmin>
                                                <ymin>194.8926608845339</ymin>
                                                <xmax>467.7062367584746</xmax>
                                                <ymax>591.1864406779662</ymax>
                                            </bndbox>
                                    </object>
                                    </annotation>