<annotation verified="yes">
                                    <folder>Annotation</folder>
                                    <filename>1495810422</filename>
                                    <path>C:\Users\HT\Downloads\beer_bottle_cup_dataset\train\annotations\JPEGImages\1495810422.jpg</path>
                                    <source>
                                        <database>Unknown</database>
                                    </source>
                                    <size>
                                        <width>1080</width>
                                        <height>1300</height>
                                        <depth>3</depth>
                                    </size>
                                    <segmented>0</segmented>
                                    <object>
                                            <name>jucifer</name>
                                            <pose>Unspecified</pose>
                                            <truncated>0</truncated>
                                            <difficult>0</difficult>
                                            <bndbox>
                                                <xmin>146.57140615035078</xmin>
                                                <ymin>5.14124153697558</ymin>
                                                <xmax>948.8570980149873</xmax>
                                                <ymax>1203.7853779765846</ymax>
                                            </bndbox>
                                    </object>
                                    </annotation>