<annotation verified="yes">
                                    <folder>Annotation</folder>
                                    <filename>16oz-white-cup-l</filename>
                                    <path>C:\Users\HT\Downloads\beer_bottle_cup_dataset\train\annotations\JPEGImages\16oz-white-cup-l.jpg</path>
                                    <source>
                                        <database>Unknown</database>
                                    </source>
                                    <size>
                                        <width>500</width>
                                        <height>500</height>
                                        <depth>3</depth>
                                    </size>
                                    <segmented>0</segmented>
                                    <object>
                                            <name>cup</name>
                                            <pose>Unspecified</pose>
                                            <truncated>0</truncated>
                                            <difficult>0</difficult>
                                            <bndbox>
                                                <xmin>99.85877430371646</xmin>
                                                <ymin>34.74576863865394</ymin>
                                                <xmax>404.94352006642833</xmax>
                                                <ymax>462.99437614484026</ymax>
                                            </bndbox>
                                    </object>
                                    </annotation>