<annotation verified="yes">
                                    <folder>Annotation</folder>
                                    <filename>178082-dixie-wisesize-pet-b1_2</filename>
                                    <path>C:\Users\HT\Downloads\beer_bottle_cup_dataset\train\annotations\JPEGImages\178082-dixie-wisesize-pet-b1_2.jpg</path>
                                    <source>
                                        <database>Unknown</database>
                                    </source>
                                    <size>
                                        <width>570</width>
                                        <height>570</height>
                                        <depth>3</depth>
                                    </size>
                                    <segmented>0</segmented>
                                    <object>
                                            <name>cup</name>
                                            <pose>Unspecified</pose>
                                            <truncated>0</truncated>
                                            <difficult>0</difficult>
                                            <bndbox>
                                                <xmin>81.63561287572828</xmin>
                                                <ymin>21.57627364336434</ymin>
                                                <xmax>484.82209286447295</xmax>
                                                <ymax>553.5763006695246</ymax>
                                            </bndbox>
                                    </object>
                                    </annotation>