<annotation verified="yes">
                                    <folder>Annotation</folder>
                                    <filename>1a8lBvn</filename>
                                    <path>C:\Users\HT\Downloads\beer_bottle_cup_dataset\train\annotations\JPEGImages\1a8lBvn.jpg</path>
                                    <source>
                                        <database>Unknown</database>
                                    </source>
                                    <size>
                                        <width>1536</width>
                                        <height>2048</height>
                                        <depth>3</depth>
                                    </size>
                                    <segmented>0</segmented>
                                    <object>
                                            <name>jucifer</name>
                                            <pose>Unspecified</pose>
                                            <truncated>0</truncated>
                                            <difficult>0</difficult>
                                            <bndbox>
                                                <xmin>833.4974646226416</xmin>
                                                <ymin>753.2474399717514</ymin>
                                                <xmax>1357.4762971698115</xmax>
                                                <ymax>1711.2950211864406</ymax>
                                            </bndbox>
                                    </object>
                                    </annotation>