<annotation verified="yes">
                                    <folder>Annotation</folder>
                                    <filename>1f2e15d928821d1327df3ee5a7284d44d84e662f_lagu-ipa</filename>
                                    <path>C:\Users\HT\Downloads\beer_bottle_cup_dataset\train\annotations\JPEGImages\1f2e15d928821d1327df3ee5a7284d44d84e662f_lagu-ipa.png</path>
                                    <source>
                                        <database>Unknown</database>
                                    </source>
                                    <size>
                                        <width>652</width>
                                        <height>1361</height>
                                        <depth>3</depth>
                                    </size>
                                    <segmented>0</segmented>
                                    <object>
                                            <name>lagunita</name>
                                            <pose>Unspecified</pose>
                                            <truncated>0</truncated>
                                            <difficult>0</difficult>
                                            <bndbox>
                                                <xmin>76.38823632234653</xmin>
                                                <ymin>9.996046664351123</ymin>
                                                <xmax>568.6674320740108</xmax>
                                                <ymax>1346.3904424117784</ymax>
                                            </bndbox>
                                    </object>
                                    </annotation>