<annotation verified="yes">
                                    <folder>Annotation</folder>
                                    <filename>1f2e15d928821d1327df3ee5a7284d44d84e662f_lagu-ipa (1)</filename>
                                    <path>C:\Users\HT\Downloads\beer_bottle_cup_dataset\train\annotations\JPEGImages\1f2e15d928821d1327df3ee5a7284d44d84e662f_lagu-ipa (1).png</path>
                                    <source>
                                        <database>Unknown</database>
                                    </source>
                                    <size>
                                        <width>600</width>
                                        <height>1252</height>
                                        <depth>3</depth>
                                    </size>
                                    <segmented>0</segmented>
                                    <object>
                                            <name>lagunita</name>
                                            <pose>Unspecified</pose>
                                            <truncated>0</truncated>
                                            <difficult>0</difficult>
                                            <bndbox>
                                                <xmin>81.65680473372781</xmin>
                                                <ymin>13.439555442939369</ymin>
                                                <xmax>516.2129960821931</xmax>
                                                <ymax>1244.2192737988833</ymax>
                                            </bndbox>
                                    </object>
                                    </annotation>