<annotation verified="yes">
                                    <folder>Annotation</folder>
                                    <filename>200ml-disposable-cup-500x500</filename>
                                    <path>C:\Users\HT\Downloads\beer_bottle_cup_dataset\train\annotations\JPEGImages\200ml-disposable-cup-500x500.png</path>
                                    <source>
                                        <database>Unknown</database>
                                    </source>
                                    <size>
                                        <width>500</width>
                                        <height>500</height>
                                        <depth>3</depth>
                                    </size>
                                    <segmented>0</segmented>
                                    <object>
                                            <name>cup</name>
                                            <pose>Unspecified</pose>
                                            <truncated>0</truncated>
                                            <difficult>0</difficult>
                                            <bndbox>
                                                <xmin>86.29944364903338</xmin>
                                                <ymin>38.13559322033898</ymin>
                                                <xmax>409.46331131929736</xmax>
                                                <ymax>448.305076124978</ymax>
                                            </bndbox>
                                    </object>
                                    </annotation>