<annotation verified="yes">
                                    <folder>Annotation</folder>
                                    <filename>20180404_180234</filename>
                                    <path>C:\Users\HT\Downloads\beer_bottle_cup_dataset\train\annotations\JPEGImages\20180404_180234.jpg</path>
                                    <source>
                                        <database>Unknown</database>
                                    </source>
                                    <size>
                                        <width>1600</width>
                                        <height>1435</height>
                                        <depth>3</depth>
                                    </size>
                                    <segmented>0</segmented>
                                    <object>
                                            <name>jucifer</name>
                                            <pose>Unspecified</pose>
                                            <truncated>0</truncated>
                                            <difficult>0</difficult>
                                            <bndbox>
                                                <xmin>82.43656061627539</xmin>
                                                <ymin>235.92376283333127</ymin>
                                                <xmax>761.4213197969543</xmax>
                                                <ymax>1409.8673058633751</ymax>
                                            </bndbox>
                                    </object>
                                    </annotation>