<annotation verified="yes">
                                    <folder>Annotation</folder>
                                    <filename>2164</filename>
                                    <path>C:\Users\HT\Downloads\beer_bottle_cup_dataset\train\annotations\JPEGImages\2164.jpg</path>
                                    <source>
                                        <database>Unknown</database>
                                    </source>
                                    <size>
                                        <width>1491</width>
                                        <height>2070</height>
                                        <depth>3</depth>
                                    </size>
                                    <segmented>0</segmented>
                                    <object>
                                            <name>corona</name>
                                            <pose>Unspecified</pose>
                                            <truncated>0</truncated>
                                            <difficult>0</difficult>
                                            <bndbox>
                                                <xmin>309.35322126253385</xmin>
                                                <ymin>424.52541480630134</ymin>
                                                <xmax>694.4304224449819</xmax>
                                                <ymax>1818.5593220338983</ymax>
                                            </bndbox>
                                    </object>
                                    
                                    <object>
                                            <name>corona</name>
                                            <pose>Unspecified</pose>
                                            <truncated>0</truncated>
                                            <difficult>0</difficult>
                                            <bndbox>
                                                <xmin>731.9988905538725</xmin>
                                                <ymin>433.88138269974013</ymin>
                                                <xmax>1112.3799212598426</xmax>
                                                <ymax>1837.271257820776</ymax>
                                            </bndbox>
                                    </object>
                                    </annotation>