<annotation verified="yes">
                                    <folder>Annotation</folder>
                                    <filename>222967-craftbeer-lagunitas-ipa</filename>
                                    <path>C:\Users\HT\Downloads\beer_bottle_cup_dataset\train\annotations\JPEGImages\222967-craftbeer-lagunitas-ipa.jpg</path>
                                    <source>
                                        <database>Unknown</database>
                                    </source>
                                    <size>
                                        <width>598</width>
                                        <height>436</height>
                                        <depth>3</depth>
                                    </size>
                                    <segmented>0</segmented>
                                    <object>
                                            <name>lagunita</name>
                                            <pose>Unspecified</pose>
                                            <truncated>0</truncated>
                                            <difficult>0</difficult>
                                            <bndbox>
                                                <xmin>219.2255895870248</xmin>
                                                <ymin>9.606778721351407</ymin>
                                                <xmax>378.03464670082957</xmax>
                                                <ymax>422.4519774011299</ymax>
                                            </bndbox>
                                    </object>
                                    </annotation>