<annotation verified="yes">
                                    <folder>Annotation</folder>
                                    <filename>22ec7aaf91d118ad1458e28f19e4b7e4681ceef7</filename>
                                    <path>C:\Users\HT\Downloads\beer_bottle_cup_dataset\train\annotations\JPEGImages\22ec7aaf91d118ad1458e28f19e4b7e4681ceef7.jpeg</path>
                                    <source>
                                        <database>Unknown</database>
                                    </source>
                                    <size>
                                        <width>1024</width>
                                        <height>1458</height>
                                        <depth>3</depth>
                                    </size>
                                    <segmented>0</segmented>
                                    <object>
                                            <name>lagunita</name>
                                            <pose>Unspecified</pose>
                                            <truncated>0</truncated>
                                            <difficult>0</difficult>
                                            <bndbox>
                                                <xmin>40.051663306451616</xmin>
                                                <ymin>48.60000471341408</ymin>
                                                <xmax>608.206527217742</xmax>
                                                <ymax>1264.4237288135594</ymax>
                                            </bndbox>
                                    </object>
                                    </annotation>