<annotation verified="yes">
                                    <folder>Annotation</folder>
                                    <filename>301700-Corona-710ml1</filename>
                                    <path>C:\Users\HT\Downloads\beer_bottle_cup_dataset\train\annotations\JPEGImages\301700-Corona-710ml1.jpg</path>
                                    <source>
                                        <database>Unknown</database>
                                    </source>
                                    <size>
                                        <width>800</width>
                                        <height>800</height>
                                        <depth>3</depth>
                                    </size>
                                    <segmented>0</segmented>
                                    <object>
                                            <name>corona</name>
                                            <pose>Unspecified</pose>
                                            <truncated>0</truncated>
                                            <difficult>0</difficult>
                                            <bndbox>
                                                <xmin>280.90399618202684</xmin>
                                                <ymin>12.203391123626192</ymin>
                                                <xmax>524.9717927921963</xmax>
                                                <ymax>789.6045059807557</ymax>
                                            </bndbox>
                                    </object>
                                    </annotation>