<annotation verified="yes">
                                    <folder>Annotation</folder>
                                    <filename>311221-Guinness-4x440ml1</filename>
                                    <path>C:\Users\HT\Downloads\beer_bottle_cup_dataset\train\annotations\JPEGImages\311221-Guinness-4x440ml1.jpg</path>
                                    <source>
                                        <database>Unknown</database>
                                    </source>
                                    <size>
                                        <width>800</width>
                                        <height>800</height>
                                        <depth>3</depth>
                                    </size>
                                    <segmented>0</segmented>
                                    <object>
                                            <name>guinness_c</name>
                                            <pose>Unspecified</pose>
                                            <truncated>0</truncated>
                                            <difficult>0</difficult>
                                            <bndbox>
                                                <xmin>443.61586058880647</xmin>
                                                <ymin>53.78531332069871</ymin>
                                                <xmax>732.881328345692</xmax>
                                                <ymax>764.2938128972457</ymax>
                                            </bndbox>
                                    </object>
                                    
                                    <object>
                                            <name>guinness_c</name>
                                            <pose>Unspecified</pose>
                                            <truncated>0</truncated>
                                            <difficult>0</difficult>
                                            <bndbox>
                                                <xmin>167.00563592425848</xmin>
                                                <ymin>71.86440505550406</ymin>
                                                <xmax>456.2711726474223</xmax>
                                                <ymax>789.6045059807557</ymax>
                                            </bndbox>
                                    </object>
                                    
                                    <object>
                                            <name>guinness_c</name>
                                            <pose>Unspecified</pose>
                                            <truncated>0</truncated>
                                            <difficult>0</difficult>
                                            <bndbox>
                                                <xmin>67.5706076756709</xmin>
                                                <ymin>28.4745857540497</ymin>
                                                <xmax>179.66101694915255</xmax>
                                                <ymax>711.864406779661</ymax>
                                            </bndbox>
                                    </object>
                                    </annotation>