<annotation verified="yes">
                                    <folder>Annotation</folder>
                                    <filename>313b+EyFtLL_US500_</filename>
                                    <path>C:\Users\HT\Downloads\beer_bottle_cup_dataset\train\annotations\JPEGImages\313b+EyFtLL._US500_.jpg</path>
                                    <source>
                                        <database>Unknown</database>
                                    </source>
                                    <size>
                                        <width>500</width>
                                        <height>500</height>
                                        <depth>3</depth>
                                    </size>
                                    <segmented>0</segmented>
                                    <object>
                                            <name>water_b</name>
                                            <pose>Unspecified</pose>
                                            <truncated>0</truncated>
                                            <difficult>0</difficult>
                                            <bndbox>
                                                <xmin>167.655384473208</xmin>
                                                <ymin>6.497175680041987</ymin>
                                                <xmax>334.88701427050233</xmax>
                                                <ymax>495.7627118644068</ymax>
                                            </bndbox>
                                    </object>
                                    </annotation>