<annotation verified="yes">
                                    <folder>Annotation</folder>
                                    <filename>316.14-Guinness-Heartworm-Treatment2</filename>
                                    <path>C:\Users\HT\Downloads\beer_bottle_cup_dataset\train\annotations\JPEGImages\3.16.14-Guinness-Heartworm-Treatment2.jpg</path>
                                    <source>
                                        <database>Unknown</database>
                                    </source>
                                    <size>
                                        <width>814</width>
                                        <height>377</height>
                                        <depth>3</depth>
                                    </size>
                                    <segmented>0</segmented>
                                    <object>
                                            <name>guinness_c</name>
                                            <pose>Unspecified</pose>
                                            <truncated>0</truncated>
                                            <difficult>0</difficult>
                                            <bndbox>
                                                <xmin>205.26956870144582</xmin>
                                                <ymin>211.80546500466087</ymin>
                                                <xmax>552.3326648856614</xmax>
                                                <ymax>347.7539324211352</ymax>
                                            </bndbox>
                                    </object>
                                    </annotation>