<annotation verified="yes">
                                    <folder>Annotation</folder>
                                    <filename>3240070578_39d6415197_b</filename>
                                    <path>C:\Users\HT\Downloads\beer_bottle_cup_dataset\train\annotations\JPEGImages\3240070578_39d6415197_b.jpg</path>
                                    <source>
                                        <database>Unknown</database>
                                    </source>
                                    <size>
                                        <width>819</width>
                                        <height>1024</height>
                                        <depth>3</depth>
                                    </size>
                                    <segmented>0</segmented>
                                    <object>
                                            <name>lagunita</name>
                                            <pose>Unspecified</pose>
                                            <truncated>0</truncated>
                                            <difficult>0</difficult>
                                            <bndbox>
                                                <xmin>106.49899291992188</xmin>
                                                <ymin>140.58305746822035</ymin>
                                                <xmax>393.58303886925796</xmax>
                                                <ymax>989.8667019774011</ymax>
                                            </bndbox>
                                    </object>
                                    
                                    <object>
                                            <name>lagunita</name>
                                            <pose>Unspecified</pose>
                                            <truncated>0</truncated>
                                            <difficult>0</difficult>
                                            <bndbox>
                                                <xmin>342.6487455873523</xmin>
                                                <ymin>115.12769244350282</ymin>
                                                <xmax>578.7985865724381</xmax>
                                                <ymax>876.4745762711865</ymax>
                                            </bndbox>
                                    </object>
                                    
                                    <object>
                                            <name>lagunita</name>
                                            <pose>Unspecified</pose>
                                            <truncated>0</truncated>
                                            <difficult>0</difficult>
                                            <bndbox>
                                                <xmin>546.3859187149749</xmin>
                                                <ymin>73.47344522422317</ymin>
                                                <xmax>752.4381625441696</xmax>
                                                <ymax>779.2813382768362</ymax>
                                            </bndbox>
                                    </object>
                                    </annotation>