<annotation verified="yes">
                                    <folder>Annotation</folder>
                                    <filename>35-Lagunitas-IPA</filename>
                                    <path>C:\Users\HT\Downloads\beer_bottle_cup_dataset\train\annotations\JPEGImages\35-Lagunitas-IPA.jpg</path>
                                    <source>
                                        <database>Unknown</database>
                                    </source>
                                    <size>
                                        <width>420</width>
                                        <height>560</height>
                                        <depth>3</depth>
                                    </size>
                                    <segmented>0</segmented>
                                    <object>
                                            <name>lagunita</name>
                                            <pose>Unspecified</pose>
                                            <truncated>0</truncated>
                                            <difficult>0</difficult>
                                            <bndbox>
                                                <xmin>231.71322689416274</xmin>
                                                <ymin>112.31638418079096</ymin>
                                                <xmax>367.3811127284788</xmax>
                                                <ymax>531.2090685138595</ymax>
                                            </bndbox>
                                    </object>
                                    </annotation>