<annotation verified="yes">
                                    <folder>Annotation</folder>
                                    <filename>3c9a3c76-ab40-4d87-814e-182c83381b7e_18ac32239d838b26450104f4a1572c031.</filename>
                                    <path>C:\Users\HT\Downloads\beer_bottle_cup_dataset\train\annotations\JPEGImages\3c9a3c76-ab40-4d87-814e-182c83381b7e_1.8ac32239d838b26450104f4a1572c031.jpeg</path>
                                    <source>
                                        <database>Unknown</database>
                                    </source>
                                    <size>
                                        <width>2000</width>
                                        <height>1833</height>
                                        <depth>3</depth>
                                    </size>
                                    <segmented>0</segmented>
                                    <object>
                                            <name>corona</name>
                                            <pose>Unspecified</pose>
                                            <truncated>0</truncated>
                                            <difficult>0</difficult>
                                            <bndbox>
                                                <xmin>1356.9947870284163</xmin>
                                                <ymin>15.533898305084746</ymin>
                                                <xmax>1808.80847990204</xmax>
                                                <ymax>1494.3610485529496</ymax>
                                            </bndbox>
                                    </object>
                                    </annotation>