<annotation verified="yes">
                                    <folder>Annotation</folder>
                                    <filename>41368011_0_640x640</filename>
                                    <path>C:\Users\HT\Downloads\beer_bottle_cup_dataset\train\annotations\JPEGImages\41368011_0_640x640.jpg</path>
                                    <source>
                                        <database>Unknown</database>
                                    </source>
                                    <size>
                                        <width>640</width>
                                        <height>640</height>
                                        <depth>3</depth>
                                    </size>
                                    <segmented>0</segmented>
                                    <object>
                                            <name>corona</name>
                                            <pose>Unspecified</pose>
                                            <truncated>0</truncated>
                                            <difficult>0</difficult>
                                            <bndbox>
                                                <xmin>508.20345603813564</xmin>
                                                <ymin>109.55931927524718</ymin>
                                                <xmax>631.1413091454802</xmax>
                                                <ymax>539.1186661370057</ymax>
                                            </bndbox>
                                    </object>
                                    </annotation>