<annotation verified="yes">
                                    <folder>Annotation</folder>
                                    <filename>443546fdddg</filename>
                                    <path>C:\Users\HT\Downloads\beer_bottle_cup_dataset\train\annotations\JPEGImages\443546fdddg.jpg</path>
                                    <source>
                                        <database>Unknown</database>
                                    </source>
                                    <size>
                                        <width>660</width>
                                        <height>371</height>
                                        <depth>3</depth>
                                    </size>
                                    <segmented>0</segmented>
                                    <object>
                                            <name>water_b</name>
                                            <pose>Unspecified</pose>
                                            <truncated>0</truncated>
                                            <difficult>0</difficult>
                                            <bndbox>
                                                <xmin>84.99205087440382</xmin>
                                                <ymin>202.68758021640238</ymin>
                                                <xmax>157.1828491016867</xmax>
                                                <ymax>367.85593220338984</ymax>
                                            </bndbox>
                                    </object>
                                    
                                    <object>
                                            <name>water_b</name>
                                            <pose>Unspecified</pose>
                                            <truncated>0</truncated>
                                            <difficult>0</difficult>
                                            <bndbox>
                                                <xmin>171.4530937546577</xmin>
                                                <ymin>137.2909604519774</ymin>
                                                <xmax>247.00158342079442</xmax>
                                                <ymax>367.0175269175384</ymax>
                                            </bndbox>
                                    </object>
                                    
                                    <object>
                                            <name>water_b</name>
                                            <pose>Unspecified</pose>
                                            <truncated>0</truncated>
                                            <difficult>0</difficult>
                                            <bndbox>
                                                <xmin>264.8394212586323</xmin>
                                                <ymin>9.641807709710072</ymin>
                                                <xmax>368.08904941965176</xmax>
                                                <ymax>363.45425647800255</ymax>
                                            </bndbox>
                                    </object>
                                    
                                    <object>
                                            <name>water_b</name>
                                            <pose>Unspecified</pose>
                                            <truncated>0</truncated>
                                            <difficult>0</difficult>
                                            <bndbox>
                                                <xmin>384.6677329544043</xmin>
                                                <ymin>79.44011619266143</ymin>
                                                <xmax>478.6836376099215</xmax>
                                                <ymax>363.6638418079096</ymax>
                                            </bndbox>
                                    </object>
                                    
                                    <object>
                                            <name>water_b</name>
                                            <pose>Unspecified</pose>
                                            <truncated>0</truncated>
                                            <difficult>0</difficult>
                                            <bndbox>
                                                <xmin>497.15102057767785</xmin>
                                                <ymin>124.71468926553672</ymin>
                                                <xmax>591.1669572548192</xmax>
                                                <ymax>361.1485939672438</ymax>
                                            </bndbox>
                                    </object>
                                    </annotation>