<annotation verified="yes">
                                    <folder>Annotation</folder>
                                    <filename>5-oz-Disposable-Paper-Cups-7226297</filename>
                                    <path>C:\Users\HT\Downloads\beer_bottle_cup_dataset\train\annotations\JPEGImages\5-oz-Disposable-Paper-Cups-7226297.jpg</path>
                                    <source>
                                        <database>Unknown</database>
                                    </source>
                                    <size>
                                        <width>1100</width>
                                        <height>1400</height>
                                        <depth>3</depth>
                                    </size>
                                    <segmented>0</segmented>
                                    <object>
                                            <name>cup</name>
                                            <pose>Unspecified</pose>
                                            <truncated>0</truncated>
                                            <difficult>0</difficult>
                                            <bndbox>
                                                <xmin>66.07918499185027</xmin>
                                                <ymin>81.46894314868302</ymin>
                                                <xmax>1028.3813915664343</xmax>
                                                <ymax>1302.7118402685824</ymax>
                                            </bndbox>
                                    </object>
                                    </annotation>