<annotation verified="yes">
                                    <folder>Annotation</folder>
                                    <filename>500-x-8oz-white-paper-cups-with-lids-disposable</filename>
                                    <path>C:\Users\HT\Downloads\beer_bottle_cup_dataset\train\annotations\JPEGImages\500-x-8oz-white-paper-cups-with-lids-disposable.jpg</path>
                                    <source>
                                        <database>Unknown</database>
                                    </source>
                                    <size>
                                        <width>800</width>
                                        <height>800</height>
                                        <depth>3</depth>
                                    </size>
                                    <segmented>0</segmented>
                                    <object>
                                            <name>cup</name>
                                            <pose>Unspecified</pose>
                                            <truncated>0</truncated>
                                            <difficult>0</difficult>
                                            <bndbox>
                                                <xmin>168.8135869085452</xmin>
                                                <ymin>97.17514124293785</ymin>
                                                <xmax>638.8700840836864</xmax>
                                                <ymax>757.0621468926554</ymax>
                                            </bndbox>
                                    </object>
                                    </annotation>