<annotation verified="yes">
                                    <folder>Annotation</folder>
                                    <filename>554b5226dbdd89eb3469a79b6b6e1700</filename>
                                    <path>C:\Users\HT\Downloads\beer_bottle_cup_dataset\train\annotations\JPEGImages\554b5226dbdd89eb3469a79b6b6e1700.jpg</path>
                                    <source>
                                        <database>Unknown</database>
                                    </source>
                                    <size>
                                        <width>639</width>
                                        <height>520</height>
                                        <depth>3</depth>
                                    </size>
                                    <segmented>0</segmented>
                                    <object>
                                            <name>lagunita</name>
                                            <pose>Unspecified</pose>
                                            <truncated>0</truncated>
                                            <difficult>0</difficult>
                                            <bndbox>
                                                <xmin>278.5158710348195</xmin>
                                                <ymin>19.68361806061308</ymin>
                                                <xmax>458.3172413793103</xmax>
                                                <ymax>486.2146892655367</ymax>
                                            </bndbox>
                                    </object>
                                    </annotation>