<annotation verified="yes">
                                    <folder>Annotation</folder>
                                    <filename>59363_large</filename>
                                    <path>C:\Users\HT\Downloads\beer_bottle_cup_dataset\train\annotations\JPEGImages\59363_large.jpg</path>
                                    <source>
                                        <database>Unknown</database>
                                    </source>
                                    <size>
                                        <width>600</width>
                                        <height>600</height>
                                        <depth>3</depth>
                                    </size>
                                    <segmented>0</segmented>
                                    <object>
                                            <name>cup</name>
                                            <pose>Unspecified</pose>
                                            <truncated>0</truncated>
                                            <difficult>0</difficult>
                                            <bndbox>
                                                <xmin>146.61016949152543</xmin>
                                                <ymin>6.440681522175417</ymin>
                                                <xmax>456.1017569849047</xmax>
                                                <ymax>583.3898511983581</ymax>
                                            </bndbox>
                                    </object>
                                    </annotation>