<annotation verified="yes">
                                    <folder>Annotation</folder>
                                    <filename>5a5d0d1708fe3image</filename>
                                    <path>C:\Users\HT\Downloads\beer_bottle_cup_dataset\train\annotations\JPEGImages\5a5d0d1708fe3.image.jpg</path>
                                    <source>
                                        <database>Unknown</database>
                                    </source>
                                    <size>
                                        <width>1200</width>
                                        <height>796</height>
                                        <depth>3</depth>
                                    </size>
                                    <segmented>0</segmented>
                                    <object>
                                            <name>jucifer</name>
                                            <pose>Unspecified</pose>
                                            <truncated>0</truncated>
                                            <difficult>0</difficult>
                                            <bndbox>
                                                <xmin>612.8330481208959</xmin>
                                                <ymin>251.39209725762493</ymin>
                                                <xmax>910.018789209076</xmax>
                                                <ymax>792.8519911254193</ymax>
                                            </bndbox>
                                    </object>
                                    </annotation>