<annotation verified="yes">
                                    <folder>Annotation</folder>
                                    <filename>6088paper_coffee_cup</filename>
                                    <path>C:\Users\HT\Downloads\beer_bottle_cup_dataset\train\annotations\JPEGImages\6088paper_coffee_cup.jpg</path>
                                    <source>
                                        <database>Unknown</database>
                                    </source>
                                    <size>
                                        <width>466</width>
                                        <height>700</height>
                                        <depth>3</depth>
                                    </size>
                                    <segmented>0</segmented>
                                    <object>
                                            <name>cup</name>
                                            <pose>Unspecified</pose>
                                            <truncated>0</truncated>
                                            <difficult>0</difficult>
                                            <bndbox>
                                                <xmin>49.1779086498504</xmin>
                                                <ymin>51.80791111315712</ymin>
                                                <xmax>420.39148936170216</xmax>
                                                <ymax>641.8644188487598</ymax>
                                            </bndbox>
                                    </object>
                                    </annotation>