<annotation verified="yes">
                                    <folder>Annotation</folder>
                                    <filename>66734_large</filename>
                                    <path>C:\Users\HT\Downloads\beer_bottle_cup_dataset\train\annotations\JPEGImages\66734_large.jpg</path>
                                    <source>
                                        <database>Unknown</database>
                                    </source>
                                    <size>
                                        <width>600</width>
                                        <height>600</height>
                                        <depth>3</depth>
                                    </size>
                                    <segmented>0</segmented>
                                    <object>
                                            <name>cup</name>
                                            <pose>Unspecified</pose>
                                            <truncated>0</truncated>
                                            <difficult>0</difficult>
                                            <bndbox>
                                                <xmin>85.93222407971399</xmin>
                                                <ymin>14.576276682190977</ymin>
                                                <xmax>521.1864406779662</xmax>
                                                <ymax>586.7796817068327</ymax>
                                            </bndbox>
                                    </object>
                                    </annotation>