<annotation verified="yes">
                                    <folder>Annotation</folder>
                                    <filename>6680823c65094fe393d59f50e4ad8844_640x640</filename>
                                    <path>C:\Users\HT\Downloads\beer_bottle_cup_dataset\train\annotations\JPEGImages\6680823c65094fe393d59f50e4ad8844_640x640.jpg</path>
                                    <source>
                                        <database>Unknown</database>
                                    </source>
                                    <size>
                                        <width>640</width>
                                        <height>640</height>
                                        <depth>3</depth>
                                    </size>
                                    <segmented>0</segmented>
                                    <object>
                                            <name>jucifer</name>
                                            <pose>Unspecified</pose>
                                            <truncated>0</truncated>
                                            <difficult>0</difficult>
                                            <bndbox>
                                                <xmin>0.5423783986581922</xmin>
                                                <ymin>109.55931927524718</ymin>
                                                <xmax>311.50285796257066</xmax>
                                                <ymax>640</ymax>
                                            </bndbox>
                                    </object>
                                    </annotation>