<annotation verified="yes">
                                    <folder>Annotation</folder>
                                    <filename>6oz-paper-cup</filename>
                                    <path>C:\Users\HT\Downloads\beer_bottle_cup_dataset\train\annotations\JPEGImages\6oz-paper-cup.jpg</path>
                                    <source>
                                        <database>Unknown</database>
                                    </source>
                                    <size>
                                        <width>817</width>
                                        <height>1000</height>
                                        <depth>3</depth>
                                    </size>
                                    <segmented>0</segmented>
                                    <object>
                                            <name>cup</name>
                                            <pose>Unspecified</pose>
                                            <truncated>0</truncated>
                                            <difficult>0</difficult>
                                            <bndbox>
                                                <xmin>85.37512101434095</xmin>
                                                <ymin>67.2316416508734</ymin>
                                                <xmax>738.9751555234916</xmax>
                                                <ymax>923.7288135593221</ymax>
                                            </bndbox>
                                    </object>
                                    </annotation>