<annotation verified="yes">
                                    <folder>Annotation</folder>
                                    <filename>766691</filename>
                                    <path>C:\Users\HT\Downloads\beer_bottle_cup_dataset\train\annotations\JPEGImages\766691.jpg</path>
                                    <source>
                                        <database>Unknown</database>
                                    </source>
                                    <size>
                                        <width>1000</width>
                                        <height>1000</height>
                                        <depth>3</depth>
                                    </size>
                                    <segmented>0</segmented>
                                    <object>
                                            <name>cup</name>
                                            <pose>Unspecified</pose>
                                            <truncated>0</truncated>
                                            <difficult>0</difficult>
                                            <bndbox>
                                                <xmin>102.54242460606463</xmin>
                                                <ymin>3.954801182288908</ymin>
                                                <xmax>882.2033553473694</xmax>
                                                <ymax>998.3050675041932</ymax>
                                            </bndbox>
                                    </object>
                                    </annotation>