<annotation verified="yes">
                                    <folder>Annotation</folder>
                                    <filename>7oz-white-cooler-cup-1000</filename>
                                    <path>C:\Users\HT\Downloads\beer_bottle_cup_dataset\train\annotations\JPEGImages\7oz-white-cooler-cup-1000.jpg</path>
                                    <source>
                                        <database>Unknown</database>
                                    </source>
                                    <size>
                                        <width>1000</width>
                                        <height>1000</height>
                                        <depth>3</depth>
                                    </size>
                                    <segmented>0</segmented>
                                    <object>
                                            <name>cup</name>
                                            <pose>Unspecified</pose>
                                            <truncated>0</truncated>
                                            <difficult>0</difficult>
                                            <bndbox>
                                                <xmin>204.23733986030192</xmin>
                                                <ymin>71.75141135178043</ymin>
                                                <xmax>794.0679000595869</xmax>
                                                <ymax>921.4689610368115</ymax>
                                            </bndbox>
                                    </object>
                                    </annotation>