<annotation verified="yes">
                                    <folder>Annotation</folder>
                                    <filename>80f5006a2a9564235f209746613f2a95_640x640</filename>
                                    <path>C:\Users\HT\Downloads\beer_bottle_cup_dataset\train\annotations\JPEGImages\80f5006a2a9564235f209746613f2a95_640x640.jpg</path>
                                    <source>
                                        <database>Unknown</database>
                                    </source>
                                    <size>
                                        <width>640</width>
                                        <height>640</height>
                                        <depth>3</depth>
                                    </size>
                                    <segmented>0</segmented>
                                    <object>
                                            <name>jucifer</name>
                                            <pose>Unspecified</pose>
                                            <truncated>0</truncated>
                                            <difficult>0</difficult>
                                            <bndbox>
                                                <xmin>359.23166048728814</xmin>
                                                <ymin>100.88135455287782</ymin>
                                                <xmax>590.6440898658192</xmax>
                                                <ymax>487.05083642302264</ymax>
                                            </bndbox>
                                    </object>
                                    </annotation>