<annotation verified="yes">
                                    <folder>Annotation</folder>
                                    <filename>81FQSG7Tg9L_SL1500_</filename>
                                    <path>C:\Users\HT\Downloads\beer_bottle_cup_dataset\train\annotations\JPEGImages\81FQSG7Tg9L._SL1500_.jpg</path>
                                    <source>
                                        <database>Unknown</database>
                                    </source>
                                    <size>
                                        <width>1159</width>
                                        <height>1500</height>
                                        <depth>3</depth>
                                    </size>
                                    <segmented>0</segmented>
                                    <object>
                                            <name>water_b</name>
                                            <pose>Unspecified</pose>
                                            <truncated>0</truncated>
                                            <difficult>0</difficult>
                                            <bndbox>
                                                <xmin>338.7846931206001</xmin>
                                                <ymin>56.77966748253774</ymin>
                                                <xmax>821.064442952474</xmax>
                                                <ymax>1453.3898305084747</ymax>
                                            </bndbox>
                                    </object>
                                    </annotation>