<annotation verified="yes">
                                    <folder>Annotation</folder>
                                    <filename>81peP+aGtTL_SL1500_</filename>
                                    <path>C:\Users\HT\Downloads\beer_bottle_cup_dataset\train\annotations\JPEGImages\81peP+aGtTL._SL1500_.jpg</path>
                                    <source>
                                        <database>Unknown</database>
                                    </source>
                                    <size>
                                        <width>794</width>
                                        <height>1500</height>
                                        <depth>3</depth>
                                    </size>
                                    <segmented>0</segmented>
                                    <object>
                                            <name>hienieken</name>
                                            <pose>Unspecified</pose>
                                            <truncated>0</truncated>
                                            <difficult>0</difficult>
                                            <bndbox>
                                                <xmin>210.60109543417866</xmin>
                                                <ymin>87.28815337358895</ymin>
                                                <xmax>597.8353718640333</xmax>
                                                <ymax>1388.9831284345207</ymax>
                                            </bndbox>
                                    </object>
                                    </annotation>