<annotation verified="yes">
                                    <folder>Annotation</folder>
                                    <filename>850590</filename>
                                    <path>C:\Users\HT\Downloads\beer_bottle_cup_dataset\train\annotations\JPEGImages\850590.jpg</path>
                                    <source>
                                        <database>Unknown</database>
                                    </source>
                                    <size>
                                        <width>1000</width>
                                        <height>1000</height>
                                        <depth>3</depth>
                                    </size>
                                    <segmented>0</segmented>
                                    <object>
                                            <name>cup</name>
                                            <pose>Unspecified</pose>
                                            <truncated>0</truncated>
                                            <difficult>0</difficult>
                                            <bndbox>
                                                <xmin>98.02263335319563</xmin>
                                                <ymin>40.112996505478684</ymin>
                                                <xmax>902.542372881356</xmax>
                                                <ymax>957.6271186440679</ymax>
                                            </bndbox>
                                    </object>
                                    </annotation>