<annotation verified="yes">
                                    <folder>Annotation</folder>
                                    <filename>872815-Dart12ozClearSmoothieCupx1000_10</filename>
                                    <path>C:\Users\HT\Downloads\beer_bottle_cup_dataset\train\annotations\JPEGImages\872815-Dart12ozClearSmoothieCupx1000_10.jpg</path>
                                    <source>
                                        <database>Unknown</database>
                                    </source>
                                    <size>
                                        <width>1500</width>
                                        <height>1500</height>
                                        <depth>3</depth>
                                    </size>
                                    <segmented>0</segmented>
                                    <object>
                                            <name>cup</name>
                                            <pose>Unspecified</pose>
                                            <truncated>0</truncated>
                                            <difficult>0</difficult>
                                            <bndbox>
                                                <xmin>258.89833094710013</xmin>
                                                <ymin>107.62711702767065</ymin>
                                                <xmax>1252.1186440677966</xmax>
                                                <ymax>1382.2034415552173</ymax>
                                            </bndbox>
                                    </object>
                                    </annotation>