<annotation verified="yes">
                                    <folder>Annotation</folder>
                                    <filename>8adcf46bf55f3d3a6f9b2165fd3266c4</filename>
                                    <path>C:\Users\HT\Downloads\beer_bottle_cup_dataset\train\annotations\JPEGImages\8adcf46bf55f3d3a6f9b2165fd3266c4.jpg</path>
                                    <source>
                                        <database>Unknown</database>
                                    </source>
                                    <size>
                                        <width>564</width>
                                        <height>874</height>
                                        <depth>3</depth>
                                    </size>
                                    <segmented>0</segmented>
                                    <object>
                                            <name>guinness_b</name>
                                            <pose>Unspecified</pose>
                                            <truncated>0</truncated>
                                            <difficult>0</difficult>
                                            <bndbox>
                                                <xmin>171.42636108398438</xmin>
                                                <ymin>68.63615630844893</ymin>
                                                <xmax>381.1947519402755</xmax>
                                                <ymax>795.488165731484</ymax>
                                            </bndbox>
                                    </object>
                                    </annotation>