<annotation verified="yes">
                                    <folder>Annotation</folder>
                                    <filename>8c56189e19b94edd81f3a7f217ed2c26-m3682097</filename>
                                    <path>C:\Users\HT\Downloads\beer_bottle_cup_dataset\train\annotations\JPEGImages\8c56189e19b94edd81f3a7f217ed2c26-m3682097.jpg</path>
                                    <source>
                                        <database>Unknown</database>
                                    </source>
                                    <size>
                                        <width>500</width>
                                        <height>500</height>
                                        <depth>3</depth>
                                    </size>
                                    <segmented>0</segmented>
                                    <object>
                                            <name>cup</name>
                                            <pose>Unspecified</pose>
                                            <truncated>0</truncated>
                                            <difficult>0</difficult>
                                            <bndbox>
                                                <xmin>120.19774873377914</xmin>
                                                <ymin>25.706215766863636</ymin>
                                                <xmax>402.68366754391775</xmax>
                                                <ymax>486.72317246259274</ymax>
                                            </bndbox>
                                    </object>
                                    </annotation>