<annotation verified="yes">
                                    <folder>Annotation</folder>
                                    <filename>8oz-smoothie-cup-l</filename>
                                    <path>C:\Users\HT\Downloads\beer_bottle_cup_dataset\train\annotations\JPEGImages\8oz-smoothie-cup-l.jpg</path>
                                    <source>
                                        <database>Unknown</database>
                                    </source>
                                    <size>
                                        <width>500</width>
                                        <height>500</height>
                                        <depth>3</depth>
                                    </size>
                                    <segmented>0</segmented>
                                    <object>
                                            <name>cup</name>
                                            <pose>Unspecified</pose>
                                            <truncated>0</truncated>
                                            <difficult>0</difficult>
                                            <bndbox>
                                                <xmin>117.93785310734464</xmin>
                                                <ymin>96.89265321203546</ymin>
                                                <xmax>365.3954974675583</xmax>
                                                <ymax>407.6271272648526</ymax>
                                            </bndbox>
                                    </object>
                                    </annotation>