<annotation verified="yes">
                                    <folder>Annotation</folder>
                                    <filename>8oz-eco-friendly-thick-kraft-paper-coffee</filename>
                                    <path>C:\Users\HT\Downloads\beer_bottle_cup_dataset\train\annotations\JPEGImages\8oz-eco-friendly-thick-kraft-paper-coffee.jpg</path>
                                    <source>
                                        <database>Unknown</database>
                                    </source>
                                    <size>
                                        <width>800</width>
                                        <height>800</height>
                                        <depth>3</depth>
                                    </size>
                                    <segmented>0</segmented>
                                    <object>
                                            <name>cup</name>
                                            <pose>Unspecified</pose>
                                            <truncated>0</truncated>
                                            <difficult>0</difficult>
                                            <bndbox>
                                                <xmin>129.0395618158545</xmin>
                                                <ymin>230.96046232234286</ymin>
                                                <xmax>476.15821967690675</xmax>
                                                <ymax>719.0960727842514</ymax>
                                            </bndbox>
                                    </object>
                                    
                                    <object>
                                            <name>cup</name>
                                            <pose>Unspecified</pose>
                                            <truncated>0</truncated>
                                            <difficult>0</difficult>
                                            <bndbox>
                                                <xmin>411.073432534428</xmin>
                                                <ymin>113.44634664934233</ymin>
                                                <xmax>696.7231362552966</xmax>
                                                <ymax>478.644074693238</ymax>
                                            </bndbox>
                                    </object>
                                    </annotation>