<annotation verified="yes">
                                    <folder>Annotation</folder>
                                    <filename>90s-cups</filename>
                                    <path>C:\Users\HT\Downloads\beer_bottle_cup_dataset\train\annotations\JPEGImages\90s-cups.jpg</path>
                                    <source>
                                        <database>Unknown</database>
                                    </source>
                                    <size>
                                        <width>640</width>
                                        <height>533</height>
                                        <depth>3</depth>
                                    </size>
                                    <segmented>0</segmented>
                                    <object>
                                            <name>cup</name>
                                            <pose>Unspecified</pose>
                                            <truncated>0</truncated>
                                            <difficult>0</difficult>
                                            <bndbox>
                                                <xmin>29.81647518382353</xmin>
                                                <ymin>87.62882619523734</ymin>
                                                <xmax>324.9694393382353</xmax>
                                                <ymax>511.6198015805692</ymax>
                                            </bndbox>
                                    </object>
                                    
                                    <object>
                                            <name>cup</name>
                                            <pose>Unspecified</pose>
                                            <truncated>0</truncated>
                                            <difficult>0</difficult>
                                            <bndbox>
                                                <xmin>269.5529411764706</xmin>
                                                <ymin>33.42542487753313</ymin>
                                                <xmax>599.6423713235295</xmax>
                                                <ymax>480.3022598870057</ymax>
                                            </bndbox>
                                    </object>
                                    </annotation>