<annotation verified="yes">
                                    <folder>Annotation</folder>
                                    <filename>927252</filename>
                                    <path>C:\Users\HT\Downloads\beer_bottle_cup_dataset\train\annotations\JPEGImages\927252.jpg</path>
                                    <source>
                                        <database>Unknown</database>
                                    </source>
                                    <size>
                                        <width>1000</width>
                                        <height>1000</height>
                                        <depth>3</depth>
                                    </size>
                                    <segmented>0</segmented>
                                    <object>
                                            <name>cup</name>
                                            <pose>Unspecified</pose>
                                            <truncated>0</truncated>
                                            <difficult>0</difficult>
                                            <bndbox>
                                                <xmin>122.88135593220339</xmin>
                                                <ymin>6.214691420732919</ymin>
                                                <xmax>857.3446327683616</xmax>
                                                <ymax>984.7457799534341</ymax>
                                            </bndbox>
                                    </object>
                                    </annotation>