<annotation verified="yes">
                                    <folder>Annotation</folder>
                                    <filename>92dc1c54a5e68212d97cb7132e881f63</filename>
                                    <path>C:\Users\HT\Downloads\beer_bottle_cup_dataset\train\annotations\JPEGImages\92dc1c54a5e68212d97cb7132e881f63.jpg</path>
                                    <source>
                                        <database>Unknown</database>
                                    </source>
                                    <size>
                                        <width>236</width>
                                        <height>236</height>
                                        <depth>3</depth>
                                    </size>
                                    <segmented>0</segmented>
                                    <object>
                                            <name>hienieken</name>
                                            <pose>Unspecified</pose>
                                            <truncated>0</truncated>
                                            <difficult>0</difficult>
                                            <bndbox>
                                                <xmin>85</xmin>
                                                <ymin>0.40000025431315106</ymin>
                                                <xmax>152.73333740234375</xmax>
                                                <ymax>227.0666707356771</ymax>
                                            </bndbox>
                                    </object>
                                    </annotation>