<annotation verified="yes">
                                    <folder>Annotation</folder>
                                    <filename>9759fbf3-7078-4937-a013-cfcb4041caf0_186aaa046089f008cb10c2ff8500fddb3.</filename>
                                    <path>C:\Users\HT\Downloads\beer_bottle_cup_dataset\train\annotations\JPEGImages\9759fbf3-7078-4937-a013-cfcb4041caf0_1.86aaa046089f008cb10c2ff8500fddb3.jpeg</path>
                                    <source>
                                        <database>Unknown</database>
                                    </source>
                                    <size>
                                        <width>1500</width>
                                        <height>1500</height>
                                        <depth>3</depth>
                                    </size>
                                    <segmented>0</segmented>
                                    <object>
                                            <name>cup</name>
                                            <pose>Unspecified</pose>
                                            <truncated>0</truncated>
                                            <difficult>0</difficult>
                                            <bndbox>
                                                <xmin>387.7118644067797</xmin>
                                                <ymin>199.15254237288136</ymin>
                                                <xmax>1099.5762711864406</xmax>
                                                <ymax>1399.15259409759</ymax>
                                            </bndbox>
                                    </object>
                                    </annotation>