<annotation verified="yes">
                                    <folder>Annotation</folder>
                                    <filename>ad3ac9c5-0dfd-473f-9131-51ada62781ea_16ac484bdb0f70c4e64aba17de7ca617a.</filename>
                                    <path>C:\Users\HT\Downloads\beer_bottle_cup_dataset\train\annotations\JPEGImages\ad3ac9c5-0dfd-473f-9131-51ada62781ea_1.6ac484bdb0f70c4e64aba17de7ca617a.jpeg</path>
                                    <source>
                                        <database>Unknown</database>
                                    </source>
                                    <size>
                                        <width>2000</width>
                                        <height>1833</height>
                                        <depth>3</depth>
                                    </size>
                                    <segmented>0</segmented>
                                    <object>
                                            <name>corona</name>
                                            <pose>Unspecified</pose>
                                            <truncated>0</truncated>
                                            <difficult>0</difficult>
                                            <bndbox>
                                                <xmin>1348.704758085735</xmin>
                                                <ymin>19.6762820502459</ymin>
                                                <xmax>1771.5027171713082</xmax>
                                                <ymax>1494.3610485529496</ymax>
                                            </bndbox>
                                    </object>
                                    </annotation>