<annotation verified="yes">
                                    <folder>Annotation</folder>
                                    <filename>AR-170629544</filename>
                                    <path>C:\Users\HT\Downloads\beer_bottle_cup_dataset\train\annotations\JPEGImages\AR-170629544.jpg</path>
                                    <source>
                                        <database>Unknown</database>
                                    </source>
                                    <size>
                                        <width>1600</width>
                                        <height>1200</height>
                                        <depth>3</depth>
                                    </size>
                                    <segmented>0</segmented>
                                    <object>
                                            <name>water_b</name>
                                            <pose>Unspecified</pose>
                                            <truncated>0</truncated>
                                            <difficult>0</difficult>
                                            <bndbox>
                                                <xmin>388.135593220339</xmin>
                                                <ymin>381.69491008176647</ymin>
                                                <xmax>645.7627118644068</xmax>
                                                <ymax>1105.7627532441738</ymax>
                                            </bndbox>
                                    </object>
                                    
                                    <object>
                                            <name>water_b</name>
                                            <pose>Unspecified</pose>
                                            <truncated>0</truncated>
                                            <difficult>0</difficult>
                                            <bndbox>
                                                <xmin>762.3728606660487</xmin>
                                                <ymin>322.0338983050848</ymin>
                                                <xmax>1028.1356552899895</xmax>
                                                <ymax>1132.8813973119704</ymax>
                                            </bndbox>
                                    </object>
                                    
                                    <object>
                                            <name>water_b</name>
                                            <pose>Unspecified</pose>
                                            <truncated>0</truncated>
                                            <difficult>0</difficult>
                                            <bndbox>
                                                <xmin>10.16949152542373</xmin>
                                                <ymin>294.2372855493578</ymin>
                                                <xmax>259.6609341896187</xmax>
                                                <ymax>1136.271227820445</ymax>
                                            </bndbox>
                                    </object>
                                    
                                    <object>
                                            <name>water_b</name>
                                            <pose>Unspecified</pose>
                                            <truncated>0</truncated>
                                            <difficult>0</difficult>
                                            <bndbox>
                                                <xmin>1255.9322033898306</xmin>
                                                <ymin>237.96611721232787</ymin>
                                                <xmax>1575.9322861493645</xmax>
                                                <ymax>1154.5762918763241</ymax>
                                            </bndbox>
                                    </object>
                                    
                                    <object>
                                            <name>water_b</name>
                                            <pose>Unspecified</pose>
                                            <truncated>0</truncated>
                                            <difficult>0</difficult>
                                            <bndbox>
                                                <xmin>239.66100660421083</xmin>
                                                <ymin>251.52543924622617</ymin>
                                                <xmax>399.6609962592691</xmax>
                                                <ymax>1123.3898098185912</ymax>
                                            </bndbox>
                                    </object>
                                    
                                    <object>
                                            <name>water_b</name>
                                            <pose>Unspecified</pose>
                                            <truncated>0</truncated>
                                            <difficult>0</difficult>
                                            <bndbox>
                                                <xmin>600.339003740731</xmin>
                                                <ymin>271.1864406779661</ymin>
                                                <xmax>775.932182699947</xmax>
                                                <ymax>1046.1017156051378</ymax>
                                            </bndbox>
                                    </object>
                                    
                                    <object>
                                            <name>water_b</name>
                                            <pose>Unspecified</pose>
                                            <truncated>0</truncated>
                                            <difficult>0</difficult>
                                            <bndbox>
                                                <xmin>1024.7457213320974</xmin>
                                                <ymin>169.49155128608317</ymin>
                                                <xmax>1251.864365399894</xmax>
                                                <ymax>1091.525449591168</ymax>
                                            </bndbox>
                                    </object>
                                    </annotation>