<annotation verified="yes">
                                    <folder>Annotation</folder>
                                    <filename>asset3420142</filename>
                                    <path>C:\Users\HT\Downloads\beer_bottle_cup_dataset\train\annotations\JPEGImages\asset.3420142.jpg</path>
                                    <source>
                                        <database>Unknown</database>
                                    </source>
                                    <size>
                                        <width>1000</width>
                                        <height>1000</height>
                                        <depth>3</depth>
                                    </size>
                                    <segmented>0</segmented>
                                    <object>
                                            <name>cup</name>
                                            <pose>Unspecified</pose>
                                            <truncated>0</truncated>
                                            <difficult>0</difficult>
                                            <bndbox>
                                                <xmin>190.67796610169492</xmin>
                                                <ymin>64.97175141242938</ymin>
                                                <xmax>859.6044852908723</xmax>
                                                <ymax>955.3672661215572</ymax>
                                            </bndbox>
                                    </object>
                                    </annotation>