<annotation verified="yes">
                                    <folder>Annotation</folder>
                                    <filename>beer_517183</filename>
                                    <path>C:\Users\HT\Downloads\beer_bottle_cup_dataset\train\annotations\JPEGImages\beer_517183.jpeg</path>
                                    <source>
                                        <database>Unknown</database>
                                    </source>
                                    <size>
                                        <width>400</width>
                                        <height>533</height>
                                        <depth>3</depth>
                                    </size>
                                    <segmented>0</segmented>
                                    <object>
                                            <name>jucifer</name>
                                            <pose>Unspecified</pose>
                                            <truncated>0</truncated>
                                            <difficult>0</difficult>
                                            <bndbox>
                                                <xmin>79.39623562794812</xmin>
                                                <ymin>5.721472085532496</ymin>
                                                <xmax>349.88677402712267</xmax>
                                                <ymax>517.6424004506257</ymax>
                                            </bndbox>
                                    </object>
                                    </annotation>