<annotation verified="yes">
                                    <folder>Annotation</folder>
                                    <filename>Beer-Corona</filename>
                                    <path>C:\Users\HT\Downloads\beer_bottle_cup_dataset\train\annotations\JPEGImages\Beer-Corona.jpg</path>
                                    <source>
                                        <database>Unknown</database>
                                    </source>
                                    <size>
                                        <width>500</width>
                                        <height>500</height>
                                        <depth>3</depth>
                                    </size>
                                    <segmented>0</segmented>
                                    <object>
                                            <name>corona</name>
                                            <pose>Unspecified</pose>
                                            <truncated>0</truncated>
                                            <difficult>0</difficult>
                                            <bndbox>
                                                <xmin>177.82485013627738</xmin>
                                                <ymin>3.1073457103664595</ymin>
                                                <xmax>329.23729675637804</xmax>
                                                <ymax>486.72317246259274</ymax>
                                            </bndbox>
                                    </object>
                                    </annotation>