<annotation verified="yes">
                                    <folder>Annotation</folder>
                                    <filename>beer-lagunitas</filename>
                                    <path>C:\Users\HT\Downloads\beer_bottle_cup_dataset\train\annotations\JPEGImages\beer-lagunitas.jpg</path>
                                    <source>
                                        <database>Unknown</database>
                                    </source>
                                    <size>
                                        <width>1000</width>
                                        <height>600</height>
                                        <depth>3</depth>
                                    </size>
                                    <segmented>0</segmented>
                                    <object>
                                            <name>lagunita</name>
                                            <pose>Unspecified</pose>
                                            <truncated>0</truncated>
                                            <difficult>0</difficult>
                                            <bndbox>
                                                <xmin>828.3051054356463</xmin>
                                                <ymin>55.25424116748875</ymin>
                                                <xmax>985.5932203389831</xmax>
                                                <ymax>498.6440884864937</ymax>
                                            </bndbox>
                                    </object>
                                    </annotation>