<annotation verified="yes">
                                    <folder>Annotation</folder>
                                    <filename>Bottled-Water-Examples-16_9-ounce</filename>
                                    <path>C:\Users\HT\Downloads\beer_bottle_cup_dataset\train\annotations\JPEGImages\Bottled-Water-Examples-16_9-ounce.jpg</path>
                                    <source>
                                        <database>Unknown</database>
                                    </source>
                                    <size>
                                        <width>689</width>
                                        <height>393</height>
                                        <depth>3</depth>
                                    </size>
                                    <segmented>0</segmented>
                                    <object>
                                            <name>water_b</name>
                                            <pose>Unspecified</pose>
                                            <truncated>0</truncated>
                                            <difficult>0</difficult>
                                            <bndbox>
                                                <xmin>66.34402886667559</xmin>
                                                <ymin>40.632205930806826</ymin>
                                                <xmax>173.02791679136214</xmax>
                                                <ymax>345.2627118644068</ymax>
                                            </bndbox>
                                    </object>
                                    
                                    <object>
                                            <name>water_b</name>
                                            <pose>Unspecified</pose>
                                            <truncated>0</truncated>
                                            <difficult>0</difficult>
                                            <bndbox>
                                                <xmin>217.47952969458794</xmin>
                                                <ymin>43.29661016949153</ymin>
                                                <xmax>318.8291867656092</xmax>
                                                <ymax>343.48643390202926</ymax>
                                            </bndbox>
                                    </object>
                                    
                                    <object>
                                            <name>water_b</name>
                                            <pose>Unspecified</pose>
                                            <truncated>0</truncated>
                                            <difficult>0</difficult>
                                            <bndbox>
                                                <xmin>376.6162835398028</xmin>
                                                <ymin>40.632205930806826</ymin>
                                                <xmax>476.18790322580645</xmax>
                                                <ymax>340.8220338983051</ymax>
                                            </bndbox>
                                    </object>
                                    
                                    <object>
                                            <name>water_b</name>
                                            <pose>Unspecified</pose>
                                            <truncated>0</truncated>
                                            <difficult>0</difficult>
                                            <bndbox>
                                                <xmin>533.0859813074911</xmin>
                                                <ymin>37.07966271093336</ymin>
                                                <xmax>637.1027283699282</xmax>
                                                <ymax>347.0389898267843</ymax>
                                            </bndbox>
                                    </object>
                                    </annotation>