<annotation verified="yes">
                                    <folder>Annotation</folder>
                                    <filename>Bottled-Water</filename>
                                    <path>C:\Users\HT\Downloads\beer_bottle_cup_dataset\train\annotations\JPEGImages\Bottled-Water.jpg</path>
                                    <source>
                                        <database>Unknown</database>
                                    </source>
                                    <size>
                                        <width>627</width>
                                        <height>836</height>
                                        <depth>3</depth>
                                    </size>
                                    <segmented>0</segmented>
                                    <object>
                                            <name>water_b</name>
                                            <pose>Unspecified</pose>
                                            <truncated>0</truncated>
                                            <difficult>0</difficult>
                                            <bndbox>
                                                <xmin>192.59545725696492</xmin>
                                                <ymin>42.980792762195996</ymin>
                                                <xmax>438.6633817852668</xmax>
                                                <ymax>806.2440533826581</ymax>
                                            </bndbox>
                                    </object>
                                    </annotation>