<annotation verified="yes">
                                    <folder>Annotation</folder>
                                    <filename>c2nvbOI</filename>
                                    <path>C:\Users\HT\Downloads\beer_bottle_cup_dataset\train\annotations\JPEGImages\c2nvbOI.jpg</path>
                                    <source>
                                        <database>Unknown</database>
                                    </source>
                                    <size>
                                        <width>2448</width>
                                        <height>3264</height>
                                        <depth>3</depth>
                                    </size>
                                    <segmented>0</segmented>
                                    <object>
                                            <name>jucifer</name>
                                            <pose>Unspecified</pose>
                                            <truncated>0</truncated>
                                            <difficult>0</difficult>
                                            <bndbox>
                                                <xmin>1077.120056382665</xmin>
                                                <ymin>721.0305506819385</ymin>
                                                <xmax>2096.966037735849</xmax>
                                                <ymax>2601.9797735699153</ymax>
                                            </bndbox>
                                    </object>
                                    </annotation>