<annotation verified="yes">
                                    <folder>Annotation</folder>
                                    <filename>Cans</filename>
                                    <path>C:\Users\HT\Downloads\beer_bottle_cup_dataset\train\annotations\JPEGImages\Cans.jpg</path>
                                    <source>
                                        <database>Unknown</database>
                                    </source>
                                    <size>
                                        <width>900</width>
                                        <height>1102</height>
                                        <depth>3</depth>
                                    </size>
                                    <segmented>0</segmented>
                                    <object>
                                            <name>guinness_c</name>
                                            <pose>Unspecified</pose>
                                            <truncated>0</truncated>
                                            <difficult>0</difficult>
                                            <bndbox>
                                                <xmin>21.799307958477506</xmin>
                                                <ymin>81.56045435242733</ymin>
                                                <xmax>290.8650328956261</xmax>
                                                <ymax>866.0350662490068</ymax>
                                            </bndbox>
                                    </object>
                                    
                                    <object>
                                            <name>guinness_c</name>
                                            <pose>Unspecified</pose>
                                            <truncated>0</truncated>
                                            <difficult>0</difficult>
                                            <bndbox>
                                                <xmin>303.3217803004704</xmin>
                                                <ymin>111.44519536508679</ymin>
                                                <xmax>594.8096885813148</xmax>
                                                <ymax>905.8813559322034</ymax>
                                            </bndbox>
                                    </object>
                                    
                                    <object>
                                            <name>guinness_c</name>
                                            <pose>Unspecified</pose>
                                            <truncated>0</truncated>
                                            <difficult>0</difficult>
                                            <bndbox>
                                                <xmin>604.7751245201665</xmin>
                                                <ymin>41.71412904383772</ymin>
                                                <xmax>881.3148788927335</xmax>
                                                <ymax>793.8135593220338</ymax>
                                            </bndbox>
                                    </object>
                                    </annotation>