<annotation verified="yes">
                                    <folder>Annotation</folder>
                                    <filename>cf1dda177397d74ed04a9e7affed50bb--guinness-ireland-refreshing-drinks</filename>
                                    <path>C:\Users\HT\Downloads\beer_bottle_cup_dataset\train\annotations\JPEGImages\cf1dda177397d74ed04a9e7affed50bb--guinness-ireland-refreshing-drinks.jpg</path>
                                    <source>
                                        <database>Unknown</database>
                                    </source>
                                    <size>
                                        <width>600</width>
                                        <height>430</height>
                                        <depth>3</depth>
                                    </size>
                                    <segmented>0</segmented>
                                    <object>
                                            <name>guinness_c</name>
                                            <pose>Unspecified</pose>
                                            <truncated>0</truncated>
                                            <difficult>0</difficult>
                                            <bndbox>
                                                <xmin>25.557809330628803</xmin>
                                                <ymin>153.29378160379702</ymin>
                                                <xmax>127.78904665314401</xmax>
                                                <ymax>403.0339205467095</ymax>
                                            </bndbox>
                                    </object>
                                    
                                    <object>
                                            <name>guinness_b</name>
                                            <pose>Unspecified</pose>
                                            <truncated>0</truncated>
                                            <difficult>0</difficult>
                                            <bndbox>
                                                <xmin>184.2596274602244</xmin>
                                                <ymin>62.9209030280679</ymin>
                                                <xmax>270.9127863328791</xmax>
                                                <ymax>398.1751634845626</ymax>
                                            </bndbox>
                                    </object>
                                    
                                    <object>
                                            <name>guinness_b</name>
                                            <pose>Unspecified</pose>
                                            <truncated>0</truncated>
                                            <difficult>0</difficult>
                                            <bndbox>
                                                <xmin>315.69978973202967</xmin>
                                                <ymin>96.93220709676797</ymin>
                                                <xmax>415.98375796304515</xmax>
                                                <ymax>400.1186366539217</ymax>
                                            </bndbox>
                                    </object>
                                    
                                    <object>
                                            <name>guinness_b</name>
                                            <pose>Unspecified</pose>
                                            <truncated>0</truncated>
                                            <difficult>0</difficult>
                                            <bndbox>
                                                <xmin>460.77083564433315</xmin>
                                                <ymin>19.192091785581773</ymin>
                                                <xmax>573.711997258494</xmax>
                                                <ymax>400.1186366539217</ymax>
                                            </bndbox>
                                    </object>
                                    </annotation>