<annotation verified="yes">
                                    <folder>Annotation</folder>
                                    <filename>ci-corona-extra-2b48031ca2c738b1</filename>
                                    <path>C:\Users\HT\Downloads\beer_bottle_cup_dataset\train\annotations\JPEGImages\ci-corona-extra-2b48031ca2c738b1.jpeg</path>
                                    <source>
                                        <database>Unknown</database>
                                    </source>
                                    <size>
                                        <width>400</width>
                                        <height>600</height>
                                        <depth>3</depth>
                                    </size>
                                    <segmented>0</segmented>
                                    <object>
                                            <name>corona</name>
                                            <pose>Unspecified</pose>
                                            <truncated>0</truncated>
                                            <difficult>0</difficult>
                                            <bndbox>
                                                <xmin>126.94914219743116</xmin>
                                                <ymin>20.000001939676576</ymin>
                                                <xmax>280.16952256024894</xmax>
                                                <ymax>573.2203596729344</ymax>
                                            </bndbox>
                                    </object>
                                    </annotation>