<annotation verified="yes">
                                    <folder>Annotation</folder>
                                    <filename>coffee_cups</filename>
                                    <path>C:\Users\HT\Downloads\beer_bottle_cup_dataset\train\annotations\JPEGImages\coffee_cups.jpg</path>
                                    <source>
                                        <database>Unknown</database>
                                    </source>
                                    <size>
                                        <width>937</width>
                                        <height>528</height>
                                        <depth>3</depth>
                                    </size>
                                    <segmented>0</segmented>
                                    <object>
                                            <name>cup</name>
                                            <pose>Unspecified</pose>
                                            <truncated>0</truncated>
                                            <difficult>0</difficult>
                                            <bndbox>
                                                <xmin>430.453025477707</xmin>
                                                <ymin>204.9356068756621</ymin>
                                                <xmax>701.4072202451669</xmax>
                                                <ymax>522.332221596928</ymax>
                                            </bndbox>
                                    </object>
                                    
                                    <object>
                                            <name>cup</name>
                                            <pose>Unspecified</pose>
                                            <truncated>0</truncated>
                                            <difficult>0</difficult>
                                            <bndbox>
                                                <xmin>217.986792546169</xmin>
                                                <ymin>182.26441360732258</ymin>
                                                <xmax>431.64668337099107</xmax>
                                                <ymax>494.88816290386654</ymax>
                                            </bndbox>
                                    </object>
                                    </annotation>