<annotation verified="yes">
                                    <folder>Annotation</folder>
                                    <filename>constellation-brands-corona-source-stz</filename>
                                    <path>C:\Users\HT\Downloads\beer_bottle_cup_dataset\train\annotations\JPEGImages\constellation-brands-corona-source-stz.jpg</path>
                                    <source>
                                        <database>Unknown</database>
                                    </source>
                                    <size>
                                        <width>1500</width>
                                        <height>971</height>
                                        <depth>3</depth>
                                    </size>
                                    <segmented>0</segmented>
                                    <object>
                                            <name>corona</name>
                                            <pose>Unspecified</pose>
                                            <truncated>0</truncated>
                                            <difficult>0</difficult>
                                            <bndbox>
                                                <xmin>754.6703632061299</xmin>
                                                <ymin>223.27514542832887</ymin>
                                                <xmax>937.0879288558122</xmax>
                                                <ymax>951.7994350282486</ymax>
                                            </bndbox>
                                    </object>
                                    </annotation>