<annotation verified="yes">
                                    <folder>Annotation</folder>
                                    <filename>corona-beer-bottle-24-x-330ml</filename>
                                    <path>C:\Users\HT\Downloads\beer_bottle_cup_dataset\train\annotations\JPEGImages\corona-beer-bottle-24-x-330ml.jpg</path>
                                    <source>
                                        <database>Unknown</database>
                                    </source>
                                    <size>
                                        <width>806</width>
                                        <height>1000</height>
                                        <depth>3</depth>
                                    </size>
                                    <segmented>0</segmented>
                                    <object>
                                            <name>corona</name>
                                            <pose>Unspecified</pose>
                                            <truncated>0</truncated>
                                            <difficult>0</difficult>
                                            <bndbox>
                                                <xmin>281.110158177426</xmin>
                                                <ymin>22.03389614988855</ymin>
                                                <xmax>527.7179119980126</xmax>
                                                <ymax>973.4463449251855</ymax>
                                            </bndbox>
                                    </object>
                                    </annotation>