<annotation verified="yes">
                                    <folder>Annotation</folder>
                                    <filename>corona-tide</filename>
                                    <path>C:\Users\HT\Downloads\beer_bottle_cup_dataset\train\annotations\JPEGImages\corona-tide.jpg</path>
                                    <source>
                                        <database>Unknown</database>
                                    </source>
                                    <size>
                                        <width>720</width>
                                        <height>887</height>
                                        <depth>3</depth>
                                    </size>
                                    <segmented>0</segmented>
                                    <object>
                                            <name>corona</name>
                                            <pose>Unspecified</pose>
                                            <truncated>0</truncated>
                                            <difficult>0</difficult>
                                            <bndbox>
                                                <xmin>191.66548991452524</xmin>
                                                <ymin>187.9237288135593</ymin>
                                                <xmax>346.20209059233446</xmax>
                                                <ymax>733.153122637905</ymax>
                                            </bndbox>
                                    </object>
                                    
                                    <object>
                                            <name>corona</name>
                                            <pose>Unspecified</pose>
                                            <truncated>0</truncated>
                                            <difficult>0</difficult>
                                            <bndbox>
                                                <xmin>388.3484779916158</xmin>
                                                <ymin>193.93729195891126</ymin>
                                                <xmax>532.8501589040723</xmax>
                                                <ymax>735.1576118253719</ymax>
                                            </bndbox>
                                    </object>
                                    </annotation>