<annotation verified="yes">
                                    <folder>Annotation</folder>
                                    <filename>corona</filename>
                                    <path>C:\Users\HT\Downloads\beer_bottle_cup_dataset\train\annotations\JPEGImages\corona.jpg</path>
                                    <source>
                                        <database>Unknown</database>
                                    </source>
                                    <size>
                                        <width>618</width>
                                        <height>410</height>
                                        <depth>3</depth>
                                    </size>
                                    <segmented>0</segmented>
                                    <object>
                                            <name>corona</name>
                                            <pose>Unspecified</pose>
                                            <truncated>0</truncated>
                                            <difficult>0</difficult>
                                            <bndbox>
                                                <xmin>19.71106941838649</xmin>
                                                <ymin>0.6949156960525081</ymin>
                                                <xmax>136.586137553317</xmax>
                                                <ymax>392.6271186440678</ymax>
                                            </bndbox>
                                    </object>
                                    
                                    <object>
                                            <name>corona</name>
                                            <pose>Unspecified</pose>
                                            <truncated>0</truncated>
                                            <difficult>0</difficult>
                                            <bndbox>
                                                <xmin>111.54145987619826</xmin>
                                                <ymin>9.033897421454306</ymin>
                                                <xmax>221.9234450807267</xmax>
                                                <ymax>394.4802330577441</ymax>
                                            </bndbox>
                                    </object>
                                    
                                    <object>
                                            <name>corona</name>
                                            <pose>Unspecified</pose>
                                            <truncated>0</truncated>
                                            <difficult>0</difficult>
                                            <bndbox>
                                                <xmin>221.9234450807267</xmin>
                                                <ymin>1.6214684847384524</ymin>
                                                <xmax>324.18912527574605</xmax>
                                                <ymax>406.52542372881356</ymax>
                                            </bndbox>
                                    </object>
                                    
                                    <object>
                                            <name>corona</name>
                                            <pose>Unspecified</pose>
                                            <truncated>0</truncated>
                                            <difficult>0</difficult>
                                            <bndbox>
                                                <xmin>327.66754929075546</xmin>
                                                <ymin>0.6949156960525081</ymin>
                                                <xmax>434.3392544687353</xmax>
                                                <ymax>405.59888419458423</ymax>
                                            </bndbox>
                                    </object>
                                    
                                    <object>
                                            <name>corona</name>
                                            <pose>Unspecified</pose>
                                            <truncated>0</truncated>
                                            <difficult>0</difficult>
                                            <bndbox>
                                                <xmin>438.9771531554145</xmin>
                                                <ymin>6.254237950858423</ymin>
                                                <xmax>558.634882656763</xmax>
                                                <ymax>410</ymax>
                                            </bndbox>
                                    </object>
                                    
                                    <object>
                                            <name>corona</name>
                                            <pose>Unspecified</pose>
                                            <truncated>0</truncated>
                                            <difficult>0</difficult>
                                            <bndbox>
                                                <xmin>555.3883677298311</xmin>
                                                <ymin>5.327684057634429</ymin>
                                                <xmax>618.6843728549856</xmax>
                                                <ymax>410</ymax>
                                            </bndbox>
                                    </object>
                                    </annotation>