<annotation verified="yes">
                                    <folder>Annotation</folder>
                                    <filename>CORONA-330ml-Limelow</filename>
                                    <path>C:\Users\HT\Downloads\beer_bottle_cup_dataset\train\annotations\JPEGImages\CORONA-330ml-Limelow.jpg</path>
                                    <source>
                                        <database>Unknown</database>
                                    </source>
                                    <size>
                                        <width>1667</width>
                                        <height>3000</height>
                                        <depth>3</depth>
                                    </size>
                                    <segmented>0</segmented>
                                    <object>
                                            <name>corona</name>
                                            <pose>Unspecified</pose>
                                            <truncated>0</truncated>
                                            <difficult>0</difficult>
                                            <bndbox>
                                                <xmin>562.1872968089824</xmin>
                                                <ymin>649.1525294417042</ymin>
                                                <xmax>1092.905612244898</xmax>
                                                <ymax>2615.2542890128443</ymax>
                                            </bndbox>
                                    </object>
                                    </annotation>