<annotation verified="yes">
                                    <folder>Annotation</folder>
                                    <filename>Corona-beer (1)</filename>
                                    <path>C:\Users\HT\Downloads\beer_bottle_cup_dataset\train\annotations\JPEGImages\Corona-beer (1).jpg</path>
                                    <source>
                                        <database>Unknown</database>
                                    </source>
                                    <size>
                                        <width>1024</width>
                                        <height>768</height>
                                        <depth>3</depth>
                                    </size>
                                    <segmented>0</segmented>
                                    <object>
                                            <name>corona</name>
                                            <pose>Unspecified</pose>
                                            <truncated>0</truncated>
                                            <difficult>0</difficult>
                                            <bndbox>
                                                <xmin>426.3050847457627</xmin>
                                                <ymin>0</ymin>
                                                <xmax>579.9051244703389</xmax>
                                                <ymax>596.1762447033898</ymax>
                                            </bndbox>
                                    </object>
                                    </annotation>