<annotation verified="yes">
                                    <folder>Annotation</folder>
                                    <filename>Corona_Beach_Coaster_LG</filename>
                                    <path>C:\Users\HT\Downloads\beer_bottle_cup_dataset\train\annotations\JPEGImages\Corona_Beach_Coaster_LG.jpg</path>
                                    <source>
                                        <database>Unknown</database>
                                    </source>
                                    <size>
                                        <width>1400</width>
                                        <height>1400</height>
                                        <depth>3</depth>
                                    </size>
                                    <segmented>0</segmented>
                                    <object>
                                            <name>corona</name>
                                            <pose>Unspecified</pose>
                                            <truncated>0</truncated>
                                            <difficult>0</difficult>
                                            <bndbox>
                                                <xmin>241.63844221729346</xmin>
                                                <ymin>274.4632828707076</ymin>
                                                <xmax>459.943575239451</xmax>
                                                <ymax>1087.5706214689267</ymax>
                                            </bndbox>
                                    </object>
                                    </annotation>