<annotation verified="yes">
                                    <folder>Annotation</folder>
                                    <filename>corona-24-bottles-beer-mexico</filename>
                                    <path>C:\Users\HT\Downloads\beer_bottle_cup_dataset\train\annotations\JPEGImages\corona-24-bottles-beer-mexico.png</path>
                                    <source>
                                        <database>Unknown</database>
                                    </source>
                                    <size>
                                        <width>400</width>
                                        <height>609</height>
                                        <depth>3</depth>
                                    </size>
                                    <segmented>0</segmented>
                                    <object>
                                            <name>corona</name>
                                            <pose>Unspecified</pose>
                                            <truncated>0</truncated>
                                            <difficult>0</difficult>
                                            <bndbox>
                                                <xmin>63.620679131869615</xmin>
                                                <ymin>71.22203652333405</ymin>
                                                <xmax>171.20692812163256</xmax>
                                                <ymax>515.7576586189917</ymax>
                                            </bndbox>
                                    </object>
                                    </annotation>