<annotation verified="yes">
                                    <folder>Annotation</folder>
                                    <filename>Corona-Extra-330ml</filename>
                                    <path>C:\Users\HT\Downloads\beer_bottle_cup_dataset\train\annotations\JPEGImages\Corona-Extra-330ml.jpg</path>
                                    <source>
                                        <database>Unknown</database>
                                    </source>
                                    <size>
                                        <width>3682</width>
                                        <height>5523</height>
                                        <depth>3</depth>
                                    </size>
                                    <segmented>0</segmented>
                                    <object>
                                            <name>corona</name>
                                            <pose>Unspecified</pose>
                                            <truncated>0</truncated>
                                            <difficult>0</difficult>
                                            <bndbox>
                                                <xmin>1255.9364406779662</xmin>
                                                <ymin>396.2830448958834</ymin>
                                                <xmax>2416.702447147693</xmax>
                                                <ymax>5076.79143019854</ymax>
                                            </bndbox>
                                    </object>
                                    </annotation>