<annotation verified="yes">
                                    <folder>Annotation</folder>
                                    <filename>corona (2)</filename>
                                    <path>C:\Users\HT\Downloads\beer_bottle_cup_dataset\train\annotations\JPEGImages\corona (2).jpg</path>
                                    <source>
                                        <database>Unknown</database>
                                    </source>
                                    <size>
                                        <width>1069</width>
                                        <height>1093</height>
                                        <depth>3</depth>
                                    </size>
                                    <segmented>0</segmented>
                                    <object>
                                            <name>corona</name>
                                            <pose>Unspecified</pose>
                                            <truncated>0</truncated>
                                            <difficult>0</difficult>
                                            <bndbox>
                                                <xmin>411.2251633660642</xmin>
                                                <ymin>88.30452684089963</ymin>
                                                <xmax>658.3927934238677</xmax>
                                                <ymax>975.0548587949936</ymax>
                                            </bndbox>
                                    </object>
                                    </annotation>