<annotation verified="yes">
                                    <folder>Annotation</folder>
                                    <filename>Corona_Extrapng.750x750_q85ss0_progressive</filename>
                                    <path>C:\Users\HT\Downloads\beer_bottle_cup_dataset\train\annotations\JPEGImages\Corona_Extra.png.750x750_q85ss0_progressive.png</path>
                                    <source>
                                        <database>Unknown</database>
                                    </source>
                                    <size>
                                        <width>375</width>
                                        <height>736</height>
                                        <depth>3</depth>
                                    </size>
                                    <segmented>0</segmented>
                                    <object>
                                            <name>corona</name>
                                            <pose>Unspecified</pose>
                                            <truncated>0</truncated>
                                            <difficult>0</difficult>
                                            <bndbox>
                                                <xmin>204.37501271565756</xmin>
                                                <ymin>76.09492001291048</ymin>
                                                <xmax>367.70833333333337</xmax>
                                                <ymax>708.1401256841455</ymax>
                                            </bndbox>
                                    </object>
                                    </annotation>