<annotation verified="yes">
                                    <folder>Annotation</folder>
                                    <filename>corona-on-d-beach</filename>
                                    <path>C:\Users\HT\Downloads\beer_bottle_cup_dataset\train\annotations\JPEGImages\corona-on-d-beach.jpg</path>
                                    <source>
                                        <database>Unknown</database>
                                    </source>
                                    <size>
                                        <width>1920</width>
                                        <height>2120</height>
                                        <depth>3</depth>
                                    </size>
                                    <segmented>0</segmented>
                                    <object>
                                            <name>corona</name>
                                            <pose>Unspecified</pose>
                                            <truncated>0</truncated>
                                            <difficult>0</difficult>
                                            <bndbox>
                                                <xmin>711</xmin>
                                                <ymin>367.70622382729744</ymin>
                                                <xmax>1167</xmax>
                                                <ymax>1996.6327318094545</ymax>
                                            </bndbox>
                                    </object>
                                    </annotation>