<annotation verified="yes">
                                    <folder>Annotation</folder>
                                    <filename>corona-extra-beer-ads-greedy-three-bottles-with-lime</filename>
                                    <path>C:\Users\HT\Downloads\beer_bottle_cup_dataset\train\annotations\JPEGImages\corona-extra-beer-ads-greedy-three-bottles-with-lime.jpg</path>
                                    <source>
                                        <database>Unknown</database>
                                    </source>
                                    <size>
                                        <width>400</width>
                                        <height>523</height>
                                        <depth>3</depth>
                                    </size>
                                    <segmented>0</segmented>
                                    <object>
                                            <name>corona</name>
                                            <pose>Unspecified</pose>
                                            <truncated>0</truncated>
                                            <difficult>0</difficult>
                                            <bndbox>
                                                <xmin>88.74073169849537</xmin>
                                                <ymin>193.53954802259886</ymin>
                                                <xmax>153.92591688368054</xmax>
                                                <ymax>420.4683705992618</ymax>
                                            </bndbox>
                                    </object>
                                    
                                    <object>
                                            <name>corona</name>
                                            <pose>Unspecified</pose>
                                            <truncated>0</truncated>
                                            <difficult>0</difficult>
                                            <bndbox>
                                                <xmin>168.14814814814812</xmin>
                                                <ymin>192.35762260997365</ymin>
                                                <xmax>230.96295392071758</xmax>
                                                <ymax>415.7406689487608</ymax>
                                            </bndbox>
                                    </object>
                                    
                                    <object>
                                            <name>corona</name>
                                            <pose>Unspecified</pose>
                                            <truncated>0</truncated>
                                            <difficult>0</difficult>
                                            <bndbox>
                                                <xmin>247.55556459780092</xmin>
                                                <ymin>192.35762260997365</ymin>
                                                <xmax>312.7407497829861</xmax>
                                                <ymax>420.4683705992618</ymax>
                                            </bndbox>
                                    </object>
                                    </annotation>