<annotation verified="yes">
                                    <folder>Annotation</folder>
                                    <filename>Corona-Beer</filename>
                                    <path>C:\Users\HT\Downloads\beer_bottle_cup_dataset\train\annotations\JPEGImages\Corona-Beer.jpg</path>
                                    <source>
                                        <database>Unknown</database>
                                    </source>
                                    <size>
                                        <width>1920</width>
                                        <height>2120</height>
                                        <depth>3</depth>
                                    </size>
                                    <segmented>0</segmented>
                                    <object>
                                            <name>corona</name>
                                            <pose>Unspecified</pose>
                                            <truncated>0</truncated>
                                            <difficult>0</difficult>
                                            <bndbox>
                                                <xmin>720.6000366210938</xmin>
                                                <ymin>276.67801636087023</ymin>
                                                <xmax>1195.8001098632812</xmax>
                                                <ymax>2078.0790960451977</ymax>
                                            </bndbox>
                                    </object>
                                    </annotation>