<annotation verified="yes">
                                    <folder>Annotation</folder>
                                    <filename>corona (1)</filename>
                                    <path>C:\Users\HT\Downloads\beer_bottle_cup_dataset\train\annotations\JPEGImages\corona (1).jpg</path>
                                    <source>
                                        <database>Unknown</database>
                                    </source>
                                    <size>
                                        <width>800</width>
                                        <height>800</height>
                                        <depth>3</depth>
                                    </size>
                                    <segmented>0</segmented>
                                    <object>
                                            <name>corona</name>
                                            <pose>Unspecified</pose>
                                            <truncated>0</truncated>
                                            <difficult>0</difficult>
                                            <bndbox>
                                                <xmin>311.6384042858404</xmin>
                                                <ymin>33.898305084745765</ymin>
                                                <xmax>492.42936473781776</xmax>
                                                <ymax>737.1751688294491</ymax>
                                            </bndbox>
                                    </object>
                                    </annotation>