<annotation verified="yes">
                                    <folder>Annotation</folder>
                                    <filename>cq5damweb.1280.1280 (2).</filename>
                                    <path>C:\Users\HT\Downloads\beer_bottle_cup_dataset\train\annotations\JPEGImages\cq5dam.web.1280.1280 (2).jpeg</path>
                                    <source>
                                        <database>Unknown</database>
                                    </source>
                                    <size>
                                        <width>960</width>
                                        <height>1280</height>
                                        <depth>3</depth>
                                    </size>
                                    <segmented>0</segmented>
                                    <object>
                                            <name>lagunita</name>
                                            <pose>Unspecified</pose>
                                            <truncated>0</truncated>
                                            <difficult>0</difficult>
                                            <bndbox>
                                                <xmin>297.7811762971698</xmin>
                                                <ymin>97.6271186440678</ymin>
                                                <xmax>668.7396447523585</xmax>
                                                <ymax>1185.265602930791</ymax>
                                            </bndbox>
                                    </object>
                                    </annotation>