<annotation verified="yes">
                                    <folder>Annotation</folder>
                                    <filename>cq5damweb.1280.1280 (1).</filename>
                                    <path>C:\Users\HT\Downloads\beer_bottle_cup_dataset\train\annotations\JPEGImages\cq5dam.web.1280.1280 (1).jpeg</path>
                                    <source>
                                        <database>Unknown</database>
                                    </source>
                                    <size>
                                        <width>960</width>
                                        <height>1280</height>
                                        <depth>3</depth>
                                    </size>
                                    <segmented>0</segmented>
                                    <object>
                                            <name>guinness_c</name>
                                            <pose>Unspecified</pose>
                                            <truncated>0</truncated>
                                            <difficult>0</difficult>
                                            <bndbox>
                                                <xmin>274.5962927476415</xmin>
                                                <ymin>106.30509026306498</ymin>
                                                <xmax>686.1282797759434</xmax>
                                                <ymax>1182.3728813559323</ymax>
                                            </bndbox>
                                    </object>
                                    </annotation>