<annotation verified="yes">
                                    <folder>Annotation</folder>
                                    <filename>cq5damweb.1280.1280.</filename>
                                    <path>C:\Users\HT\Downloads\beer_bottle_cup_dataset\train\annotations\JPEGImages\cq5dam.web.1280.1280.jpeg</path>
                                    <source>
                                        <database>Unknown</database>
                                    </source>
                                    <size>
                                        <width>960</width>
                                        <height>1280</height>
                                        <depth>3</depth>
                                    </size>
                                    <segmented>0</segmented>
                                    <object>
                                            <name>guinness_c</name>
                                            <pose>Unspecified</pose>
                                            <truncated>0</truncated>
                                            <difficult>0</difficult>
                                            <bndbox>
                                                <xmin>260.10572670990564</xmin>
                                                <ymin>88.9491677149541</ymin>
                                                <xmax>700.6188458136792</xmax>
                                                <ymax>1185.265602930791</ymax>
                                            </bndbox>
                                    </object>
                                    </annotation>