<annotation verified="yes">
                                    <folder>Annotation</folder>
                                    <filename>cups2092_1</filename>
                                    <path>C:\Users\HT\Downloads\beer_bottle_cup_dataset\train\annotations\JPEGImages\cups2092_1.jpg</path>
                                    <source>
                                        <database>Unknown</database>
                                    </source>
                                    <size>
                                        <width>900</width>
                                        <height>900</height>
                                        <depth>3</depth>
                                    </size>
                                    <segmented>0</segmented>
                                    <object>
                                            <name>cup</name>
                                            <pose>Unspecified</pose>
                                            <truncated>0</truncated>
                                            <difficult>0</difficult>
                                            <bndbox>
                                                <xmin>141.10169491525426</xmin>
                                                <ymin>54.406778691178665</ymin>
                                                <xmax>753.3050537109375</xmax>
                                                <ymax>819.1525734077067</ymax>
                                            </bndbox>
                                    </object>
                                    </annotation>