<annotation verified="yes">
                                    <folder>Annotation</folder>
                                    <filename>d5bc28d4-1200-425a-ba8e-8e5e336749f2_140384e782efa4748b7db374a02c3790c.</filename>
                                    <path>C:\Users\HT\Downloads\beer_bottle_cup_dataset\train\annotations\JPEGImages\d5bc28d4-1200-425a-ba8e-8e5e336749f2_1.40384e782efa4748b7db374a02c3790c.jpeg</path>
                                    <source>
                                        <database>Unknown</database>
                                    </source>
                                    <size>
                                        <width>2000</width>
                                        <height>1833</height>
                                        <depth>3</depth>
                                    </size>
                                    <segmented>0</segmented>
                                    <object>
                                            <name>corona</name>
                                            <pose>Unspecified</pose>
                                            <truncated>0</truncated>
                                            <difficult>0</difficult>
                                            <bndbox>
                                                <xmin>1319.689182419851</xmin>
                                                <ymin>11.39152937420344</ymin>
                                                <xmax>1717.6165803108809</xmax>
                                                <ymax>1490.2187388791876</ymax>
                                            </bndbox>
                                    </object>
                                    </annotation>