<annotation verified="yes">
                                    <folder>Annotation</folder>
                                    <filename>default_Gnarly_Barley_Jucifer</filename>
                                    <path>C:\Users\HT\Downloads\beer_bottle_cup_dataset\train\annotations\JPEGImages\default_Gnarly_Barley_Jucifer.jpg</path>
                                    <source>
                                        <database>Unknown</database>
                                    </source>
                                    <size>
                                        <width>660</width>
                                        <height>660</height>
                                        <depth>3</depth>
                                    </size>
                                    <segmented>0</segmented>
                                    <object>
                                            <name>jucifer</name>
                                            <pose>Unspecified</pose>
                                            <truncated>0</truncated>
                                            <difficult>0</difficult>
                                            <bndbox>
                                                <xmin>137.77964963751324</xmin>
                                                <ymin>275.55932772361626</ymin>
                                                <xmax>246.66105108746027</xmax>
                                                <ymax>475.4237288135593</ymax>
                                            </bndbox>
                                    </object>
                                    
                                    <object>
                                            <name>jucifer</name>
                                            <pose>Unspecified</pose>
                                            <truncated>0</truncated>
                                            <difficult>0</difficult>
                                            <bndbox>
                                                <xmin>254.11867820610433</xmin>
                                                <ymin>272.5762654967227</ymin>
                                                <xmax>341.74579685017216</xmax>
                                                <ymax>462.00003413830774</ymax>
                                            </bndbox>
                                    </object>
                                    
                                    <object>
                                            <name>jucifer</name>
                                            <pose>Unspecified</pose>
                                            <truncated>0</truncated>
                                            <difficult>0</difficult>
                                            <bndbox>
                                                <xmin>348.08476852158367</xmin>
                                                <ymin>271.0847628318657</ymin>
                                                <xmax>428.6271072646319</xmax>
                                                <ymax>456.03390968452067</ymax>
                                            </bndbox>
                                    </object>
                                    </annotation>