<annotation verified="yes">
                                    <folder>Annotation</folder>
                                    <filename>Disposable-Cup</filename>
                                    <path>C:\Users\HT\Downloads\beer_bottle_cup_dataset\train\annotations\JPEGImages\Disposable-Cup.jpg</path>
                                    <source>
                                        <database>Unknown</database>
                                    </source>
                                    <size>
                                        <width>800</width>
                                        <height>800</height>
                                        <depth>3</depth>
                                    </size>
                                    <segmented>0</segmented>
                                    <object>
                                            <name>cup</name>
                                            <pose>Unspecified</pose>
                                            <truncated>0</truncated>
                                            <difficult>0</difficult>
                                            <bndbox>
                                                <xmin>114.57629877295197</xmin>
                                                <ymin>48.36158105882548</ymin>
                                                <xmax>705.7626842778955</xmax>
                                                <ymax>758.870097876942</ymax>
                                            </bndbox>
                                    </object>
                                    </annotation>