<annotation verified="yes">
                                    <folder>Annotation</folder>
                                    <filename>disposable-cup (1)</filename>
                                    <path>C:\Users\HT\Downloads\beer_bottle_cup_dataset\train\annotations\JPEGImages\disposable-cup (1).jpg</path>
                                    <source>
                                        <database>Unknown</database>
                                    </source>
                                    <size>
                                        <width>1050</width>
                                        <height>700</height>
                                        <depth>3</depth>
                                    </size>
                                    <segmented>0</segmented>
                                    <object>
                                            <name>cup</name>
                                            <pose>Unspecified</pose>
                                            <truncated>0</truncated>
                                            <difficult>0</difficult>
                                            <bndbox>
                                                <xmin>416.04518567101434</xmin>
                                                <ymin>102.42937702243611</ymin>
                                                <xmax>708.7006132481463</xmax>
                                                <ymax>559.6045197740114</ymax>
                                            </bndbox>
                                    </object>
                                    </annotation>