<annotation verified="yes">
                                    <folder>Annotation</folder>
                                    <filename>download</filename>
                                    <path>C:\Users\HT\Downloads\beer_bottle_cup_dataset\train\annotations\JPEGImages\download.jpeg</path>
                                    <source>
                                        <database>Unknown</database>
                                    </source>
                                    <size>
                                        <width>630</width>
                                        <height>354</height>
                                        <depth>3</depth>
                                    </size>
                                    <segmented>0</segmented>
                                    <object>
                                            <name>guinness_c</name>
                                            <pose>Unspecified</pose>
                                            <truncated>0</truncated>
                                            <difficult>0</difficult>
                                            <bndbox>
                                                <xmin>240.70001220703125</xmin>
                                                <ymin>27.799999237060547</ymin>
                                                <xmax>347.1000061035156</xmax>
                                                <ymax>264.6000061035156</ymax>
                                            </bndbox>
                                    </object>
                                    </annotation>