<annotation verified="yes">
                                    <folder>Annotation</folder>
                                    <filename>drinking-water-bottle-500x500</filename>
                                    <path>C:\Users\HT\Downloads\beer_bottle_cup_dataset\train\annotations\JPEGImages\drinking-water-bottle-500x500.jpg</path>
                                    <source>
                                        <database>Unknown</database>
                                    </source>
                                    <size>
                                        <width>500</width>
                                        <height>500</height>
                                        <depth>3</depth>
                                    </size>
                                    <segmented>0</segmented>
                                    <object>
                                            <name>water_b</name>
                                            <pose>Unspecified</pose>
                                            <truncated>0</truncated>
                                            <difficult>0</difficult>
                                            <bndbox>
                                                <xmin>168.78531073446328</xmin>
                                                <ymin>14.406779391617425</ymin>
                                                <xmax>333.757088009247</xmax>
                                                <ymax>481.0734549484684</ymax>
                                            </bndbox>
                                    </object>
                                    </annotation>