<annotation verified="yes">
                                    <folder>Annotation</folder>
                                    <filename>dscf0716</filename>
                                    <path>C:\Users\HT\Downloads\beer_bottle_cup_dataset\train\annotations\JPEGImages\dscf0716.jpg</path>
                                    <source>
                                        <database>Unknown</database>
                                    </source>
                                    <size>
                                        <width>2565</width>
                                        <height>3476</height>
                                        <depth>3</depth>
                                    </size>
                                    <segmented>0</segmented>
                                    <object>
                                            <name>corona</name>
                                            <pose>Unspecified</pose>
                                            <truncated>0</truncated>
                                            <difficult>0</difficult>
                                            <bndbox>
                                                <xmin>544.448215879243</xmin>
                                                <ymin>335.81695664400434</ymin>
                                                <xmax>1519.3448875690328</xmax>
                                                <ymax>3273.724233853615</ymax>
                                            </bndbox>
                                    </object>
                                    
                                    <object>
                                            <name>corona</name>
                                            <pose>Unspecified</pose>
                                            <truncated>0</truncated>
                                            <difficult>0</difficult>
                                            <bndbox>
                                                <xmin>1181.2759820346175</xmin>
                                                <ymin>597.0079395703676</ymin>
                                                <xmax>1873.1379910173089</xmax>
                                                <ymax>2892.739042982543</ymax>
                                            </bndbox>
                                    </object>
                                    </annotation>