<annotation verified="yes">
                                    <folder>Annotation</folder>
                                    <filename>e5a3bc4b-f217-4c67-a923-0bc767e046c8</filename>
                                    <path>C:\Users\HT\Downloads\beer_bottle_cup_dataset\train\annotations\JPEGImages\e5a3bc4b-f217-4c67-a923-0bc767e046c8.jpg</path>
                                    <source>
                                        <database>Unknown</database>
                                    </source>
                                    <size>
                                        <width>1000</width>
                                        <height>1000</height>
                                        <depth>3</depth>
                                    </size>
                                    <segmented>0</segmented>
                                    <object>
                                            <name>cup</name>
                                            <pose>Unspecified</pose>
                                            <truncated>0</truncated>
                                            <difficult>0</difficult>
                                            <bndbox>
                                                <xmin>102.54242460606463</xmin>
                                                <ymin>17.514126448981507</ymin>
                                                <xmax>902.542372881356</xmax>
                                                <ymax>989.265571206303</ymax>
                                            </bndbox>
                                    </object>
                                    </annotation>