<annotation verified="yes">
                                    <folder>Annotation</folder>
                                    <filename>ea77a92a-3414-4b33-ba02-4e7505943929_2bcddc0ecc46e8374709c3335be7d511c.</filename>
                                    <path>C:\Users\HT\Downloads\beer_bottle_cup_dataset\train\annotations\JPEGImages\ea77a92a-3414-4b33-ba02-4e7505943929_2.bcddc0ecc46e8374709c3335be7d511c.jpeg</path>
                                    <source>
                                        <database>Unknown</database>
                                    </source>
                                    <size>
                                        <width>3000</width>
                                        <height>3000</height>
                                        <depth>3</depth>
                                    </size>
                                    <segmented>0</segmented>
                                    <object>
                                            <name>cup</name>
                                            <pose>Unspecified</pose>
                                            <truncated>0</truncated>
                                            <difficult>0</difficult>
                                            <bndbox>
                                                <xmin>572.0338983050848</xmin>
                                                <ymin>283.0508603888043</ymin>
                                                <xmax>2416.1020052635063</xmax>
                                                <ymax>2730.5085780256886</ymax>
                                            </bndbox>
                                    </object>
                                    </annotation>