<annotation verified="yes">
                                    <folder>Annotation</folder>
                                    <filename>f8a65de4d551312cc82da9db12d6157f</filename>
                                    <path>C:\Users\HT\Downloads\beer_bottle_cup_dataset\train\annotations\JPEGImages\f8a65de4d551312cc82da9db12d6157f.jpg</path>
                                    <source>
                                        <database>Unknown</database>
                                    </source>
                                    <size>
                                        <width>1124</width>
                                        <height>1500</height>
                                        <depth>3</depth>
                                    </size>
                                    <segmented>0</segmented>
                                    <object>
                                            <name>jucifer</name>
                                            <pose>Unspecified</pose>
                                            <truncated>0</truncated>
                                            <difficult>0</difficult>
                                            <bndbox>
                                                <xmin>321.50649275869694</xmin>
                                                <ymin>348.3051041425285</ymin>
                                                <xmax>857.6332593234081</xmax>
                                                <ymax>1304.2373657226562</ymax>
                                            </bndbox>
                                    </object>
                                    </annotation>