<annotation verified="yes">
                                    <folder>Annotation</folder>
                                    <filename>gallery_hero_897778cc-aeed-410d-8f60-9e714b1e689d</filename>
                                    <path>C:\Users\HT\Downloads\beer_bottle_cup_dataset\train\annotations\JPEGImages\gallery_hero_897778cc-aeed-410d-8f60-9e714b1e689d.jpg</path>
                                    <source>
                                        <database>Unknown</database>
                                    </source>
                                    <size>
                                        <width>690</width>
                                        <height>1227</height>
                                        <depth>3</depth>
                                    </size>
                                    <segmented>0</segmented>
                                    <object>
                                            <name>hienieken</name>
                                            <pose>Unspecified</pose>
                                            <truncated>0</truncated>
                                            <difficult>0</difficult>
                                            <bndbox>
                                                <xmin>209.42711451544835</xmin>
                                                <ymin>76.94746027154437</ymin>
                                                <xmax>511.77891563530545</xmax>
                                                <ymax>1141.7338771496788</ymax>
                                            </bndbox>
                                    </object>
                                    </annotation>