<annotation verified="yes">
                                    <folder>Annotation</folder>
                                    <filename>Glacier-Clear-PET-Group-Front</filename>
                                    <path>C:\Users\HT\Downloads\beer_bottle_cup_dataset\train\annotations\JPEGImages\Glacier-Clear-PET-Group-Front.jpg</path>
                                    <source>
                                        <database>Unknown</database>
                                    </source>
                                    <size>
                                        <width>2195</width>
                                        <height>1500</height>
                                        <depth>3</depth>
                                    </size>
                                    <segmented>0</segmented>
                                    <object>
                                            <name>water_b</name>
                                            <pose>Unspecified</pose>
                                            <truncated>0</truncated>
                                            <difficult>0</difficult>
                                            <bndbox>
                                                <xmin>6.3561776061776065</xmin>
                                                <ymin>283.8983050847458</ymin>
                                                <xmax>450.4411972811784</xmax>
                                                <ymax>1487.2881355932204</ymax>
                                            </bndbox>
                                    </object>
                                    
                                    <object>
                                            <name>water_b</name>
                                            <pose>Unspecified</pose>
                                            <truncated>0</truncated>
                                            <difficult>0</difficult>
                                            <bndbox>
                                                <xmin>450.4411972811784</xmin>
                                                <ymin>161.86441001245532</ymin>
                                                <xmax>799.6071945838487</xmax>
                                                <ymax>1409.3220597606596</ymax>
                                            </bndbox>
                                    </object>
                                    
                                    <object>
                                            <name>water_b</name>
                                            <pose>Unspecified</pose>
                                            <truncated>0</truncated>
                                            <difficult>0</difficult>
                                            <bndbox>
                                                <xmin>1091.1438223938223</xmin>
                                                <ymin>551.6949023230601</ymin>
                                                <xmax>1480.9893822393824</xmax>
                                                <ymax>1494.0678224725239</ymax>
                                            </bndbox>
                                    </object>
                                    
                                    <object>
                                            <name>water_b</name>
                                            <pose>Unspecified</pose>
                                            <truncated>0</truncated>
                                            <difficult>0</difficult>
                                            <bndbox>
                                                <xmin>1786.0859073359075</xmin>
                                                <ymin>219.49152219093455</ymin>
                                                <xmax>2182.7115451415075</xmax>
                                                <ymax>1453.3898305084747</ymax>
                                            </bndbox>
                                    </object>
                                    
                                    <object>
                                            <name>water_b</name>
                                            <pose>Unspecified</pose>
                                            <truncated>0</truncated>
                                            <difficult>0</difficult>
                                            <bndbox>
                                                <xmin>1321.6611710478442</xmin>
                                                <ymin>100.84746247631008</ymin>
                                                <xmax>1779.3060880093963</xmax>
                                                <ymax>1416.101746639963</ymax>
                                            </bndbox>
                                    </object>
                                    
                                    <object>
                                            <name>water_b</name>
                                            <pose>Unspecified</pose>
                                            <truncated>0</truncated>
                                            <difficult>0</difficult>
                                            <bndbox>
                                                <xmin>819.9469111969112</xmin>
                                                <ymin>0</ymin>
                                                <xmax>1137.7557915057916</xmax>
                                                <ymax>1460.1695173877781</ymax>
                                            </bndbox>
                                    </object>
                                    </annotation>