<annotation verified="yes">
                                    <folder>Annotation</folder>
                                    <filename>Guinness-Draught-Aged</filename>
                                    <path>C:\Users\HT\Downloads\beer_bottle_cup_dataset\train\annotations\JPEGImages\Guinness-Draught-Aged.jpg</path>
                                    <source>
                                        <database>Unknown</database>
                                    </source>
                                    <size>
                                        <width>600</width>
                                        <height>886</height>
                                        <depth>3</depth>
                                    </size>
                                    <segmented>0</segmented>
                                    <object>
                                            <name>guinness_c</name>
                                            <pose>Unspecified</pose>
                                            <truncated>0</truncated>
                                            <difficult>0</difficult>
                                            <bndbox>
                                                <xmin>27.113016679197177</xmin>
                                                <ymin>183.70734845177603</ymin>
                                                <xmax>308.284564796352</xmax>
                                                <ymax>856.466697218728</ymax>
                                            </bndbox>
                                    </object>
                                    </annotation>