<annotation verified="yes">
                                    <folder>Annotation</folder>
                                    <filename>guinness-beer-cans-500x366</filename>
                                    <path>C:\Users\HT\Downloads\beer_bottle_cup_dataset\train\annotations\JPEGImages\guinness-beer-cans-500x366.jpg</path>
                                    <source>
                                        <database>Unknown</database>
                                    </source>
                                    <size>
                                        <width>500</width>
                                        <height>366</height>
                                        <depth>3</depth>
                                    </size>
                                    <segmented>0</segmented>
                                    <object>
                                            <name>guinness_c</name>
                                            <pose>Unspecified</pose>
                                            <truncated>0</truncated>
                                            <difficult>0</difficult>
                                            <bndbox>
                                                <xmin>250.1035259870762</xmin>
                                                <ymin>1.4474572327177404</ymin>
                                                <xmax>395.85923852387424</xmax>
                                                <ymax>354.6271186440678</ymax>
                                            </bndbox>
                                    </object>
                                    
                                    <object>
                                            <name>guinness_c</name>
                                            <pose>Unspecified</pose>
                                            <truncated>0</truncated>
                                            <difficult>0</difficult>
                                            <bndbox>
                                                <xmin>65.42442748265238</xmin>
                                                <ymin>200.7830476922504</ymin>
                                                <xmax>244.3064182194617</xmax>
                                                <ymax>349.66441940049</ymax>
                                            </bndbox>
                                    </object>
                                    </annotation>