<annotation verified="yes">
                                    <folder>Annotation</folder>
                                    <filename>guinness4</filename>
                                    <path>C:\Users\HT\Downloads\beer_bottle_cup_dataset\train\annotations\JPEGImages\guinness4.jpg</path>
                                    <source>
                                        <database>Unknown</database>
                                    </source>
                                    <size>
                                        <width>2940</width>
                                        <height>3920</height>
                                        <depth>3</depth>
                                    </size>
                                    <segmented>0</segmented>
                                    <object>
                                            <name>guinness_c</name>
                                            <pose>Unspecified</pose>
                                            <truncated>0</truncated>
                                            <difficult>0</difficult>
                                            <bndbox>
                                                <xmin>1613.1169134176002</xmin>
                                                <ymin>989.9661185916534</ymin>
                                                <xmax>2873.433962264151</xmax>
                                                <ymax>3807.051050218485</ymax>
                                            </bndbox>
                                    </object>
                                    </annotation>