<annotation verified="yes">
                                    <folder>Annotation</folder>
                                    <filename>guinnessvfw</filename>
                                    <path>C:\Users\HT\Downloads\beer_bottle_cup_dataset\train\annotations\JPEGImages\guinnessvfw.jpg</path>
                                    <source>
                                        <database>Unknown</database>
                                    </source>
                                    <size>
                                        <width>605</width>
                                        <height>1000</height>
                                        <depth>3</depth>
                                    </size>
                                    <segmented>0</segmented>
                                    <object>
                                            <name>guinness_c</name>
                                            <pose>Unspecified</pose>
                                            <truncated>0</truncated>
                                            <difficult>0</difficult>
                                            <bndbox>
                                                <xmin>117.3247663551402</xmin>
                                                <ymin>31.073446327683616</ymin>
                                                <xmax>495.02571818984563</xmax>
                                                <ymax>964.4067624194474</ymax>
                                            </bndbox>
                                    </object>
                                    </annotation>