<annotation verified="yes">
                                    <folder>Annotation</folder>
                                    <filename>Guinness-in-a-can</filename>
                                    <path>C:\Users\HT\Downloads\beer_bottle_cup_dataset\train\annotations\JPEGImages\Guinness-in-a-can.jpg</path>
                                    <source>
                                        <database>Unknown</database>
                                    </source>
                                    <size>
                                        <width>1500</width>
                                        <height>1600</height>
                                        <depth>3</depth>
                                    </size>
                                    <segmented>0</segmented>
                                    <object>
                                            <name>guinness_c</name>
                                            <pose>Unspecified</pose>
                                            <truncated>0</truncated>
                                            <difficult>0</difficult>
                                            <bndbox>
                                                <xmin>880.9667397121648</xmin>
                                                <ymin>118.41808254435911</ymin>
                                                <xmax>1359.5166163141994</xmax>
                                                <ymax>1214.0113270215395</ymax>
                                            </bndbox>
                                    </object>
                                    </annotation>