<annotation verified="yes">
                                    <folder>Annotation</folder>
                                    <filename>guinness-draught-beer-can-500ml</filename>
                                    <path>C:\Users\HT\Downloads\beer_bottle_cup_dataset\train\annotations\JPEGImages\guinness-draught-beer-can-500ml.jpg</path>
                                    <source>
                                        <database>Unknown</database>
                                    </source>
                                    <size>
                                        <width>320</width>
                                        <height>609</height>
                                        <depth>3</depth>
                                    </size>
                                    <segmented>0</segmented>
                                    <object>
                                            <name>guinness_c</name>
                                            <pose>Unspecified</pose>
                                            <truncated>0</truncated>
                                            <difficult>0</difficult>
                                            <bndbox>
                                                <xmin>41.80648311491935</xmin>
                                                <ymin>14.794920832423841</ymin>
                                                <xmax>277.16130082325265</xmax>
                                                <ymax>583.1949152542373</ymax>
                                            </bndbox>
                                    </object>
                                    </annotation>