<annotation verified="yes">
                                    <folder>Annotation</folder>
                                    <filename>guinness_can_250_redesigned</filename>
                                    <path>C:\Users\HT\Downloads\beer_bottle_cup_dataset\train\annotations\JPEGImages\guinness_can_250_redesigned.jpg</path>
                                    <source>
                                        <database>Unknown</database>
                                    </source>
                                    <size>
                                        <width>364</width>
                                        <height>852</height>
                                        <depth>3</depth>
                                    </size>
                                    <segmented>0</segmented>
                                    <object>
                                            <name>guinness_c</name>
                                            <pose>Unspecified</pose>
                                            <truncated>0</truncated>
                                            <difficult>0</difficult>
                                            <bndbox>
                                                <xmin>16.39209711946399</xmin>
                                                <ymin>9.145767761489092</ymin>
                                                <xmax>353.8755408280732</xmax>
                                                <ymax>833.2271480237023</ymax>
                                            </bndbox>
                                    </object>
                                    </annotation>