<annotation verified="yes">
                                    <folder>Annotation</folder>
                                    <filename>Guinness_Draught</filename>
                                    <path>C:\Users\HT\Downloads\beer_bottle_cup_dataset\train\annotations\JPEGImages\Guinness_Draught.jpg</path>
                                    <source>
                                        <database>Unknown</database>
                                    </source>
                                    <size>
                                        <width>1903</width>
                                        <height>1035</height>
                                        <depth>3</depth>
                                    </size>
                                    <segmented>0</segmented>
                                    <object>
                                            <name>guinness_c</name>
                                            <pose>Unspecified</pose>
                                            <truncated>0</truncated>
                                            <difficult>0</difficult>
                                            <bndbox>
                                                <xmin>530.2050947922926</xmin>
                                                <ymin>99.99152765435689</ymin>
                                                <xmax>897.9232665076622</xmax>
                                                <ymax>1005.1780196367685</ymax>
                                            </bndbox>
                                    </object>
                                    </annotation>