<annotation verified="yes">
                                    <folder>Annotation</folder>
                                    <filename>guinness_draft_cans_440ml</filename>
                                    <path>C:\Users\HT\Downloads\beer_bottle_cup_dataset\train\annotations\JPEGImages\guinness_draft_cans_440ml.jpg</path>
                                    <source>
                                        <database>Unknown</database>
                                    </source>
                                    <size>
                                        <width>600</width>
                                        <height>600</height>
                                        <depth>3</depth>
                                    </size>
                                    <segmented>0</segmented>
                                    <object>
                                            <name>guinness_c</name>
                                            <pose>Unspecified</pose>
                                            <truncated>0</truncated>
                                            <difficult>0</difficult>
                                            <bndbox>
                                                <xmin>184.9152645822299</xmin>
                                                <ymin>13.220337689933132</ymin>
                                                <xmax>416.77965067200745</xmax>
                                                <ymax>589.4915564585541</ymax>
                                            </bndbox>
                                    </object>
                                    </annotation>