<annotation verified="yes">
                                    <folder>Annotation</folder>
                                    <filename>GUINNESS Draught in a Bottle (Campaign Poster)</filename>
                                    <path>C:\Users\HT\Downloads\beer_bottle_cup_dataset\train\annotations\JPEGImages\GUINNESS Draught in a Bottle (Campaign Poster).jpg</path>
                                    <source>
                                        <database>Unknown</database>
                                    </source>
                                    <size>
                                        <width>1131</width>
                                        <height>1600</height>
                                        <depth>3</depth>
                                    </size>
                                    <segmented>0</segmented>
                                    <object>
                                            <name>guinness_b</name>
                                            <pose>Unspecified</pose>
                                            <truncated>0</truncated>
                                            <difficult>0</difficult>
                                            <bndbox>
                                                <xmin>457.37642761230467</xmin>
                                                <ymin>295.59322723561087</ymin>
                                                <xmax>714.3395723876953</xmax>
                                                <ymax>1214.0113270215395</ymax>
                                            </bndbox>
                                    </object>
                                    </annotation>