<annotation verified="yes">
                                    <folder>Annotation</folder>
                                    <filename>Guinness-Beef-Stew-Recipe-2</filename>
                                    <path>C:\Users\HT\Downloads\beer_bottle_cup_dataset\train\annotations\JPEGImages\Guinness-Beef-Stew-Recipe-2.jpg</path>
                                    <source>
                                        <database>Unknown</database>
                                    </source>
                                    <size>
                                        <width>1320</width>
                                        <height>1980</height>
                                        <depth>3</depth>
                                    </size>
                                    <segmented>0</segmented>
                                    <object>
                                            <name>guinness_b</name>
                                            <pose>Unspecified</pose>
                                            <truncated>0</truncated>
                                            <difficult>0</difficult>
                                            <bndbox>
                                                <xmin>392.08477990101954</xmin>
                                                <ymin>115.22036245313741</ymin>
                                                <xmax>1022.9999658616922</xmax>
                                                <ymax>1922.949254957296</ymax>
                                            </bndbox>
                                    </object>
                                    </annotation>