<annotation verified="yes">
                                    <folder>Annotation</folder>
                                    <filename>Guinness-Draght-Can-vs-Bottle-1024x768</filename>
                                    <path>C:\Users\HT\Downloads\beer_bottle_cup_dataset\train\annotations\JPEGImages\Guinness-Draght-Can-vs.-Bottle-1024x768.jpg</path>
                                    <source>
                                        <database>Unknown</database>
                                    </source>
                                    <size>
                                        <width>1024</width>
                                        <height>768</height>
                                        <depth>3</depth>
                                    </size>
                                    <segmented>0</segmented>
                                    <object>
                                            <name>guinness_c</name>
                                            <pose>Unspecified</pose>
                                            <truncated>0</truncated>
                                            <difficult>0</difficult>
                                            <bndbox>
                                                <xmin>286.58984375</xmin>
                                                <ymin>193.9525456832627</ymin>
                                                <xmax>484.4474973516949</xmax>
                                                <ymax>690.3322298728814</ymax>
                                            </bndbox>
                                    </object>
                                    
                                    <object>
                                            <name>guinness_b</name>
                                            <pose>Unspecified</pose>
                                            <truncated>0</truncated>
                                            <difficult>0</difficult>
                                            <bndbox>
                                                <xmin>496.5965969279661</xmin>
                                                <ymin>8.244072348384535</ymin>
                                                <xmax>677.0983183262712</xmax>
                                                <ymax>697.2745630296611</ymax>
                                            </bndbox>
                                    </object>
                                    </annotation>