<annotation verified="yes">
                                    <folder>Annotation</folder>
                                    <filename>guinness</filename>
                                    <path>C:\Users\HT\Downloads\beer_bottle_cup_dataset\train\annotations\JPEGImages\guinness.jpg</path>
                                    <source>
                                        <database>Unknown</database>
                                    </source>
                                    <size>
                                        <width>960</width>
                                        <height>540</height>
                                        <depth>3</depth>
                                    </size>
                                    <segmented>0</segmented>
                                    <object>
                                            <name>guinness_c</name>
                                            <pose>Unspecified</pose>
                                            <truncated>0</truncated>
                                            <difficult>0</difficult>
                                            <bndbox>
                                                <xmin>499.68838496124806</xmin>
                                                <ymin>113.18644766080178</ymin>
                                                <xmax>669.4054612976948</xmax>
                                                <ymax>503.6949338751324</ymax>
                                            </bndbox>
                                    </object>
                                    
                                    <object>
                                            <name>guinness_b</name>
                                            <pose>Unspecified</pose>
                                            <truncated>0</truncated>
                                            <difficult>0</difficult>
                                            <bndbox>
                                                <xmin>310.43560276728937</xmin>
                                                <ymin>0</ymin>
                                                <xmax>470.38475630961847</xmax>
                                                <ymax>471.66103557004766</ymax>
                                            </bndbox>
                                    </object>
                                    </annotation>