<annotation verified="yes">
                                    <folder>Annotation</folder>
                                    <filename>guiness-bottle-beer</filename>
                                    <path>C:\Users\HT\Downloads\beer_bottle_cup_dataset\train\annotations\JPEGImages\guiness-bottle-beer.jpg</path>
                                    <source>
                                        <database>Unknown</database>
                                    </source>
                                    <size>
                                        <width>1000</width>
                                        <height>1000</height>
                                        <depth>3</depth>
                                    </size>
                                    <segmented>0</segmented>
                                    <object>
                                            <name>guinness_b</name>
                                            <pose>Unspecified</pose>
                                            <truncated>0</truncated>
                                            <difficult>0</difficult>
                                            <bndbox>
                                                <xmin>371.46892655367236</xmin>
                                                <ymin>12.994351360083973</ymin>
                                                <xmax>640.3955147091278</xmax>
                                                <ymax>975.706197447696</ymax>
                                            </bndbox>
                                    </object>
                                    </annotation>