<annotation verified="yes">
                                    <folder>Annotation</folder>
                                    <filename>Guinness-Draught-can</filename>
                                    <path>C:\Users\HT\Downloads\beer_bottle_cup_dataset\train\annotations\JPEGImages\Guinness-Draught-can.jpg</path>
                                    <source>
                                        <database>Unknown</database>
                                    </source>
                                    <size>
                                        <width>780</width>
                                        <height>810</height>
                                        <depth>3</depth>
                                    </size>
                                    <segmented>0</segmented>
                                    <object>
                                            <name>guinness_c</name>
                                            <pose>Unspecified</pose>
                                            <truncated>0</truncated>
                                            <difficult>0</difficult>
                                            <bndbox>
                                                <xmin>74.55882352941177</xmin>
                                                <ymin>67.2711899320958</ymin>
                                                <xmax>382.8882212919347</xmax>
                                                <ymax>799.4745623055151</ymax>
                                            </bndbox>
                                    </object>
                                    
                                    <object>
                                            <name>guinness_c</name>
                                            <pose>Unspecified</pose>
                                            <truncated>0</truncated>
                                            <difficult>0</difficult>
                                            <bndbox>
                                                <xmin>417.7588375315947</xmin>
                                                <ymin>67.2711899320958</ymin>
                                                <xmax>720.5824369542739</xmax>
                                                <ymax>799.4745623055151</ymax>
                                            </bndbox>
                                    </object>
                                    </annotation>