<annotation verified="yes">
                                    <folder>Annotation</folder>
                                    <filename>guinness can1</filename>
                                    <path>C:\Users\HT\Downloads\beer_bottle_cup_dataset\train\annotations\JPEGImages\guinness can1.JPG</path>
                                    <source>
                                        <database>Unknown</database>
                                    </source>
                                    <size>
                                        <width>800</width>
                                        <height>1200</height>
                                        <depth>3</depth>
                                    </size>
                                    <segmented>0</segmented>
                                    <object>
                                            <name>guinness_c</name>
                                            <pose>Unspecified</pose>
                                            <truncated>0</truncated>
                                            <difficult>0</difficult>
                                            <bndbox>
                                                <xmin>196.94917323225636</xmin>
                                                <ymin>143.0508759062169</ymin>
                                                <xmax>541.3559735831568</xmax>
                                                <ymax>959.3220338983051</ymax>
                                            </bndbox>
                                    </object>
                                    </annotation>