<annotation verified="yes">
                                    <folder>Annotation</folder>
                                    <filename>GUINNESS Draught in a Bottle (1)</filename>
                                    <path>C:\Users\HT\Downloads\beer_bottle_cup_dataset\train\annotations\JPEGImages\GUINNESS Draught in a Bottle (1).jpg</path>
                                    <source>
                                        <database>Unknown</database>
                                    </source>
                                    <size>
                                        <width>1200</width>
                                        <height>1600</height>
                                        <depth>3</depth>
                                    </size>
                                    <segmented>0</segmented>
                                    <object>
                                            <name>guinness_b</name>
                                            <pose>Unspecified</pose>
                                            <truncated>0</truncated>
                                            <difficult>0</difficult>
                                            <bndbox>
                                                <xmin>386.71695349351415</xmin>
                                                <ymin>42.485882602842516</ymin>
                                                <xmax>803.3207270784198</xmax>
                                                <ymax>1506.8926277807204</ymax>
                                            </bndbox>
                                    </object>
                                    </annotation>