<annotation verified="yes">
                                    <folder>Annotation</folder>
                                    <filename>Guinness-440ml_grande</filename>
                                    <path>C:\Users\HT\Downloads\beer_bottle_cup_dataset\train\annotations\JPEGImages\Guinness-440ml_grande.jpg</path>
                                    <source>
                                        <database>Unknown</database>
                                    </source>
                                    <size>
                                        <width>600</width>
                                        <height>600</height>
                                        <depth>3</depth>
                                    </size>
                                    <segmented>0</segmented>
                                    <object>
                                            <name>guinness_c</name>
                                            <pose>Unspecified</pose>
                                            <truncated>0</truncated>
                                            <difficult>0</difficult>
                                            <bndbox>
                                                <xmin>191.69492559917904</xmin>
                                                <ymin>32.20338983050848</ymin>
                                                <xmax>412.7118644067797</xmax>
                                                <ymax>565.0847354177702</ymax>
                                            </bndbox>
                                    </object>
                                    </annotation>