<annotation verified="yes">
                                    <folder>Annotation</folder>
                                    <filename>guinn</filename>
                                    <path>C:\Users\HT\Downloads\beer_bottle_cup_dataset\train\annotations\JPEGImages\guinn.jpg</path>
                                    <source>
                                        <database>Unknown</database>
                                    </source>
                                    <size>
                                        <width>575</width>
                                        <height>607</height>
                                        <depth>3</depth>
                                    </size>
                                    <segmented>0</segmented>
                                    <object>
                                            <name>guinness_c</name>
                                            <pose>Unspecified</pose>
                                            <truncated>0</truncated>
                                            <difficult>0</difficult>
                                            <bndbox>
                                                <xmin>83.07461638948811</xmin>
                                                <ymin>129.97345156049997</ymin>
                                                <xmax>267.0746373418552</xmax>
                                                <ymax>573.0491734736383</ymax>
                                            </bndbox>
                                    </object>
                                    </annotation>