<annotation verified="yes">
                                    <folder>Annotation</folder>
                                    <filename>heineken bottle</filename>
                                    <path>C:\Users\HT\Downloads\beer_bottle_cup_dataset\train\annotations\JPEGImages\heineken bottle.png</path>
                                    <source>
                                        <database>Unknown</database>
                                    </source>
                                    <size>
                                        <width>1080</width>
                                        <height>1920</height>
                                        <depth>3</depth>
                                    </size>
                                    <segmented>0</segmented>
                                    <object>
                                            <name>hienieken</name>
                                            <pose>Unspecified</pose>
                                            <truncated>0</truncated>
                                            <difficult>0</difficult>
                                            <bndbox>
                                                <xmin>115.05534263112438</xmin>
                                                <ymin>107.38983671543961</ymin>
                                                <xmax>570.934739616049</xmax>
                                                <ymax>1877.6949814618642</ymax>
                                            </bndbox>
                                    </object>
                                    </annotation>