<annotation verified="yes">
                                    <folder>Annotation</folder>
                                    <filename>heineken-beer-bottle-and-glass-of-beer-3d-model-obj-mtl-3ds-fbx-blend-dae-x3d</filename>
                                    <path>C:\Users\HT\Downloads\beer_bottle_cup_dataset\train\annotations\JPEGImages\heineken-beer-bottle-and-glass-of-beer-3d-model-obj-mtl-3ds-fbx-blend-dae-x3d.jpg</path>
                                    <source>
                                        <database>Unknown</database>
                                    </source>
                                    <size>
                                        <width>1080</width>
                                        <height>1920</height>
                                        <depth>3</depth>
                                    </size>
                                    <segmented>0</segmented>
                                    <object>
                                            <name>hienieken</name>
                                            <pose>Unspecified</pose>
                                            <truncated>0</truncated>
                                            <difficult>0</difficult>
                                            <bndbox>
                                                <xmin>201.88951348539572</xmin>
                                                <ymin>337.35595703125</ymin>
                                                <xmax>570.934739616049</xmax>
                                                <ymax>1782.2373212394066</ymax>
                                            </bndbox>
                                    </object>
                                    </annotation>