<annotation verified="yes">
                                    <folder>Annotation</folder>
                                    <filename>heineken_620ml_12_1024x1024</filename>
                                    <path>C:\Users\HT\Downloads\beer_bottle_cup_dataset\train\annotations\JPEGImages\heineken_620ml_12_1024x1024.png</path>
                                    <source>
                                        <database>Unknown</database>
                                    </source>
                                    <size>
                                        <width>768</width>
                                        <height>1024</height>
                                        <depth>3</depth>
                                    </size>
                                    <segmented>0</segmented>
                                    <object>
                                            <name>hienieken</name>
                                            <pose>Unspecified</pose>
                                            <truncated>0</truncated>
                                            <difficult>0</difficult>
                                            <bndbox>
                                                <xmin>29.560790094339623</xmin>
                                                <ymin>103.55705993997175</ymin>
                                                <xmax>270.68375589622644</xmax>
                                                <ymax>1001.4373234463277</ymax>
                                            </bndbox>
                                    </object>
                                    </annotation>