<annotation verified="yes">
                                    <folder>Annotation</folder>
                                    <filename>heineken01apng242c6746-0563-4867-80d9-bc5d6c37631dZoom</filename>
                                    <path>C:\Users\HT\Downloads\beer_bottle_cup_dataset\train\annotations\JPEGImages\heineken01a.png242c6746-0563-4867-80d9-bc5d6c37631dZoom.jpg</path>
                                    <source>
                                        <database>Unknown</database>
                                    </source>
                                    <size>
                                        <width>1200</width>
                                        <height>1200</height>
                                        <depth>3</depth>
                                    </size>
                                    <segmented>0</segmented>
                                    <object>
                                            <name>hienieken</name>
                                            <pose>Unspecified</pose>
                                            <truncated>0</truncated>
                                            <difficult>0</difficult>
                                            <bndbox>
                                                <xmin>451.1864613678496</xmin>
                                                <ymin>21.01695173877781</ymin>
                                                <xmax>779.3220132084216</xmax>
                                                <ymax>1189.8305084745764</ymax>
                                            </bndbox>
                                    </object>
                                    </annotation>