<annotation verified="yes">
                                    <folder>Annotation</folder>
                                    <filename>Hqzbpta</filename>
                                    <path>C:\Users\HT\Downloads\beer_bottle_cup_dataset\train\annotations\JPEGImages\Hqzbpta.jpg</path>
                                    <source>
                                        <database>Unknown</database>
                                    </source>
                                    <size>
                                        <width>2448</width>
                                        <height>3264</height>
                                        <depth>3</depth>
                                    </size>
                                    <segmented>0</segmented>
                                    <object>
                                            <name>jucifer</name>
                                            <pose>Unspecified</pose>
                                            <truncated>0</truncated>
                                            <difficult>0</difficult>
                                            <bndbox>
                                                <xmin>1387.508037293632</xmin>
                                                <ymin>580.8813559322034</ymin>
                                                <xmax>2451.695319870283</xmax>
                                                <ymax>2520.8406216896187</ymax>
                                            </bndbox>
                                    </object>
                                    </annotation>