<annotation verified="yes">
                                    <folder>Annotation</folder>
                                    <filename>HTB1_SdUNVXXXXafaXXXq6xXFXXX1</filename>
                                    <path>C:\Users\HT\Downloads\beer_bottle_cup_dataset\train\annotations\JPEGImages\HTB1_SdUNVXXXXafaXXXq6xXFXXX1.jpg</path>
                                    <source>
                                        <database>Unknown</database>
                                    </source>
                                    <size>
                                        <width>1100</width>
                                        <height>1100</height>
                                        <depth>3</depth>
                                    </size>
                                    <segmented>0</segmented>
                                    <object>
                                            <name>cup</name>
                                            <pose>Unspecified</pose>
                                            <truncated>0</truncated>
                                            <difficult>0</difficult>
                                            <bndbox>
                                                <xmin>274.37858797062586</xmin>
                                                <ymin>111.24293548239153</ymin>
                                                <xmax>801.3841618252338</xmax>
                                                <ymax>991.2429378531073</ymax>
                                            </bndbox>
                                    </object>
                                    </annotation>