<annotation verified="yes">
                                    <folder>Annotation</folder>
                                    <filename>huhtamaki-enjoy-8oz-coffee-cups-1000</filename>
                                    <path>C:\Users\HT\Downloads\beer_bottle_cup_dataset\train\annotations\JPEGImages\huhtamaki-enjoy-8oz-coffee-cups-1000.jpg</path>
                                    <source>
                                        <database>Unknown</database>
                                    </source>
                                    <size>
                                        <width>1000</width>
                                        <height>1000</height>
                                        <depth>3</depth>
                                    </size>
                                    <segmented>0</segmented>
                                    <object>
                                            <name>cup</name>
                                            <pose>Unspecified</pose>
                                            <truncated>0</truncated>
                                            <difficult>0</difficult>
                                            <bndbox>
                                                <xmin>23.446379408324507</xmin>
                                                <ymin>356.49716652045817</ymin>
                                                <xmax>265.25422004656605</xmax>
                                                <ymax>688.7006598003841</ymax>
                                            </bndbox>
                                    </object>
                                    
                                    <object>
                                            <name>cup</name>
                                            <pose>Unspecified</pose>
                                            <truncated>0</truncated>
                                            <difficult>0</difficult>
                                            <bndbox>
                                                <xmin>272.03395002979346</xmin>
                                                <ymin>367.79660154870675</ymin>
                                                <xmax>482.76834434035135</xmax>
                                                <ymax>688.1356104619085</ymax>
                                            </bndbox>
                                    </object>
                                    
                                    <object>
                                            <name>cup</name>
                                            <pose>Unspecified</pose>
                                            <truncated>0</truncated>
                                            <difficult>0</difficult>
                                            <bndbox>
                                                <xmin>498.0226505947652</xmin>
                                                <ymin>376.83618405444474</ymin>
                                                <xmax>721.7514124293785</xmax>
                                                <ymax>700.0000948286327</ymax>
                                            </bndbox>
                                    </object>
                                    
                                    <object>
                                            <name>cup</name>
                                            <pose>Unspecified</pose>
                                            <truncated>0</truncated>
                                            <difficult>0</difficult>
                                            <bndbox>
                                                <xmin>742.0904299633652</xmin>
                                                <ymin>390.39547160520397</ymin>
                                                <xmax>979.3785655565855</xmax>
                                                <ymax>711.2994867529574</ymax>
                                            </bndbox>
                                    </object>
                                    </annotation>