<annotation verified="yes">
                                    <folder>Annotation</folder>
                                    <filename>IDShot_540x540</filename>
                                    <path>C:\Users\HT\Downloads\beer_bottle_cup_dataset\train\annotations\JPEGImages\IDShot_540x540.jpg</path>
                                    <source>
                                        <database>Unknown</database>
                                    </source>
                                    <size>
                                        <width>540</width>
                                        <height>540</height>
                                        <depth>3</depth>
                                    </size>
                                    <segmented>0</segmented>
                                    <object>
                                            <name>corona</name>
                                            <pose>Unspecified</pose>
                                            <truncated>0</truncated>
                                            <difficult>0</difficult>
                                            <bndbox>
                                                <xmin>204.25422797768803</xmin>
                                                <ymin>13.118649013971877</ymin>
                                                <xmax>340.93220338983053</xmax>
                                                <ymax>474.40677966101697</ymax>
                                            </bndbox>
                                    </object>
                                    </annotation>