<annotation verified="yes">
                                    <folder>Annotation</folder>
                                    <filename>il_570xN480744502_rcb4</filename>
                                    <path>C:\Users\HT\Downloads\beer_bottle_cup_dataset\train\annotations\JPEGImages\il_570xN.480744502_rcb4.jpg</path>
                                    <source>
                                        <database>Unknown</database>
                                    </source>
                                    <size>
                                        <width>570</width>
                                        <height>570</height>
                                        <depth>3</depth>
                                    </size>
                                    <segmented>0</segmented>
                                    <object>
                                            <name>cup</name>
                                            <pose>Unspecified</pose>
                                            <truncated>0</truncated>
                                            <difficult>0</difficult>
                                            <bndbox>
                                                <xmin>108.68644067796609</xmin>
                                                <ymin>51.20338860204664</ymin>
                                                <xmax>452.6187030339645</xmax>
                                                <ymax>509.77967084464376</ymax>
                                            </bndbox>
                                    </object>
                                    </annotation>