<annotation verified="yes">
                                    <folder>Annotation</folder>
                                    <filename>image33-ce-bottle1</filename>
                                    <path>C:\Users\HT\Downloads\beer_bottle_cup_dataset\train\annotations\JPEGImages\image33-ce-bottle1.jpg</path>
                                    <source>
                                        <database>Unknown</database>
                                    </source>
                                    <size>
                                        <width>450</width>
                                        <height>600</height>
                                        <depth>3</depth>
                                    </size>
                                    <segmented>0</segmented>
                                    <object>
                                            <name>corona</name>
                                            <pose>Unspecified</pose>
                                            <truncated>0</truncated>
                                            <difficult>0</difficult>
                                            <bndbox>
                                                <xmin>150.45284055313974</xmin>
                                                <ymin>3.728814852439751</ymin>
                                                <xmax>301.2452726544074</xmax>
                                                <ymax>585.4237184686176</ymax>
                                            </bndbox>
                                    </object>
                                    </annotation>