<annotation verified="yes">
                                    <folder>Annotation</folder>
                                    <filename>IMG_9709</filename>
                                    <path>C:\Users\HT\Downloads\beer_bottle_cup_dataset\train\annotations\JPEGImages\IMG_9709.JPG</path>
                                    <source>
                                        <database>Unknown</database>
                                    </source>
                                    <size>
                                        <width>1331</width>
                                        <height>1600</height>
                                        <depth>3</depth>
                                    </size>
                                    <segmented>0</segmented>
                                    <object>
                                            <name>lagunita</name>
                                            <pose>Unspecified</pose>
                                            <truncated>0</truncated>
                                            <difficult>0</difficult>
                                            <bndbox>
                                                <xmin>774.6058099448276</xmin>
                                                <ymin>60.56497864804025</ymin>
                                                <xmax>1281.6535671519584</xmax>
                                                <ymax>1575.5932479254943</ymax>
                                            </bndbox>
                                    </object>
                                    </annotation>