<annotation verified="yes">
                                    <folder>Annotation</folder>
                                    <filename>IPA-Photo-12oz-01-720x1082</filename>
                                    <path>C:\Users\HT\Downloads\beer_bottle_cup_dataset\train\annotations\JPEGImages\IPA-Photo-12oz-01-720x1082.jpg</path>
                                    <source>
                                        <database>Unknown</database>
                                    </source>
                                    <size>
                                        <width>720</width>
                                        <height>1082</height>
                                        <depth>3</depth>
                                    </size>
                                    <segmented>0</segmented>
                                    <object>
                                            <name>lagunita</name>
                                            <pose>Unspecified</pose>
                                            <truncated>0</truncated>
                                            <difficult>0</difficult>
                                            <bndbox>
                                                <xmin>200.98725274268617</xmin>
                                                <ymin>143.65536723163842</ymin>
                                                <xmax>504.91920503656917</xmax>
                                                <ymax>997.0294158418301</ymax>
                                            </bndbox>
                                    </object>
                                    </annotation>