<annotation verified="yes">
                                    <folder>Annotation</folder>
                                    <filename>ipa</filename>
                                    <path>C:\Users\HT\Downloads\beer_bottle_cup_dataset\train\annotations\JPEGImages\ipa.jpg</path>
                                    <source>
                                        <database>Unknown</database>
                                    </source>
                                    <size>
                                        <width>500</width>
                                        <height>500</height>
                                        <depth>3</depth>
                                    </size>
                                    <segmented>0</segmented>
                                    <object>
                                            <name>lagunita</name>
                                            <pose>Unspecified</pose>
                                            <truncated>0</truncated>
                                            <difficult>0</difficult>
                                            <bndbox>
                                                <xmin>171.0452063608978</xmin>
                                                <ymin>7.627119452266371</ymin>
                                                <xmax>334.88701427050233</xmax>
                                                <ymax>487.853098723848</ymax>
                                            </bndbox>
                                    </object>
                                    </annotation>