<annotation verified="yes">
                                    <folder>Annotation</folder>
                                    <filename>istockphoto-185072125-612x612</filename>
                                    <path>C:\Users\HT\Downloads\beer_bottle_cup_dataset\train\annotations\JPEGImages\istockphoto-185072125-612x612.jpg</path>
                                    <source>
                                        <database>Unknown</database>
                                    </source>
                                    <size>
                                        <width>612</width>
                                        <height>452</height>
                                        <depth>3</depth>
                                    </size>
                                    <segmented>0</segmented>
                                    <object>
                                            <name>water_b</name>
                                            <pose>Unspecified</pose>
                                            <truncated>0</truncated>
                                            <difficult>0</difficult>
                                            <bndbox>
                                                <xmin>247.86638830897704</xmin>
                                                <ymin>50.818082992639916</ymin>
                                                <xmax>364.38915964656184</xmax>
                                                <ymax>397.0960451977401</ymax>
                                            </bndbox>
                                    </object>
                                    </annotation>