<annotation verified="yes">
                                    <folder>Annotation</folder>
                                    <filename>istockphoto-487080729-612x612</filename>
                                    <path>C:\Users\HT\Downloads\beer_bottle_cup_dataset\train\annotations\JPEGImages\istockphoto-487080729-612x612.jpg</path>
                                    <source>
                                        <database>Unknown</database>
                                    </source>
                                    <size>
                                        <width>612</width>
                                        <height>612</height>
                                        <depth>3</depth>
                                    </size>
                                    <segmented>0</segmented>
                                    <object>
                                            <name>guinness_c</name>
                                            <pose>Unspecified</pose>
                                            <truncated>0</truncated>
                                            <difficult>0</difficult>
                                            <bndbox>
                                                <xmin>102.86440677966101</xmin>
                                                <ymin>64.65762975660421</ymin>
                                                <xmax>289.57627118644064</xmax>
                                                <ymax>523.8305084745763</ymax>
                                            </bndbox>
                                    </object>
                                    </annotation>