<annotation verified="yes">
                                    <folder>Annotation</folder>
                                    <filename>istockphoto-533561588-612x612</filename>
                                    <path>C:\Users\HT\Downloads\beer_bottle_cup_dataset\train\annotations\JPEGImages\istockphoto-533561588-612x612.jpg</path>
                                    <source>
                                        <database>Unknown</database>
                                    </source>
                                    <size>
                                        <width>408</width>
                                        <height>612</height>
                                        <depth>3</depth>
                                    </size>
                                    <segmented>0</segmented>
                                    <object>
                                            <name>cup</name>
                                            <pose>Unspecified</pose>
                                            <truncated>0</truncated>
                                            <difficult>0</difficult>
                                            <bndbox>
                                                <xmin>57.56952318094544</xmin>
                                                <ymin>129.66101694915253</ymin>
                                                <xmax>353.5423728813559</xmax>
                                                <ymax>554.2576376704845</ymax>
                                            </bndbox>
                                    </object>
                                    </annotation>