<annotation verified="yes">
                                    <folder>Annotation</folder>
                                    <filename>istockphoto-545372268-612x612</filename>
                                    <path>C:\Users\HT\Downloads\beer_bottle_cup_dataset\train\annotations\JPEGImages\istockphoto-545372268-612x612.jpg</path>
                                    <source>
                                        <database>Unknown</database>
                                    </source>
                                    <size>
                                        <width>408</width>
                                        <height>612</height>
                                        <depth>3</depth>
                                    </size>
                                    <segmented>0</segmented>
                                    <object>
                                            <name>guinness_c</name>
                                            <pose>Unspecified</pose>
                                            <truncated>0</truncated>
                                            <difficult>0</difficult>
                                            <bndbox>
                                                <xmin>92.14579436738612</xmin>
                                                <ymin>84.02034293999105</ymin>
                                                <xmax>323.1152436854475</xmax>
                                                <ymax>543.1932414426641</ymax>
                                            </bndbox>
                                    </object>
                                    </annotation>