<annotation verified="yes">
                                    <folder>Annotation</folder>
                                    <filename>Kinetico-CGC-Dec-Blog</filename>
                                    <path>C:\Users\HT\Downloads\beer_bottle_cup_dataset\train\annotations\JPEGImages\Kinetico-CGC-Dec-Blog.png</path>
                                    <source>
                                        <database>Unknown</database>
                                    </source>
                                    <size>
                                        <width>1114</width>
                                        <height>889</height>
                                        <depth>3</depth>
                                    </size>
                                    <segmented>0</segmented>
                                    <object>
                                            <name>water_b</name>
                                            <pose>Unspecified</pose>
                                            <truncated>0</truncated>
                                            <difficult>0</difficult>
                                            <bndbox>
                                                <xmin>24.140873136154415</xmin>
                                                <ymin>3.515818251054839</ymin>
                                                <xmax>267.5611584665544</xmax>
                                                <ymax>841.2853107344632</ymax>
                                            </bndbox>
                                    </object>
                                    
                                    <object>
                                            <name>water_b</name>
                                            <pose>Unspecified</pose>
                                            <truncated>0</truncated>
                                            <difficult>0</difficult>
                                            <bndbox>
                                                <xmin>275.60814175917926</xmin>
                                                <ymin>87.8954802259887</ymin>
                                                <xmax>496.8993381474411</xmax>
                                                <ymax>823.2040007855259</ymax>
                                            </bndbox>
                                    </object>
                                    
                                    <object>
                                            <name>water_b</name>
                                            <pose>Unspecified</pose>
                                            <truncated>0</truncated>
                                            <difficult>0</difficult>
                                            <bndbox>
                                                <xmin>506.9580288923621</xmin>
                                                <ymin>260.6728890198099</ymin>
                                                <xmax>712.1553354370944</xmax>
                                                <ymax>829.2311041018384</ymax>
                                            </bndbox>
                                    </object>
                                    
                                    <object>
                                            <name>water_b</name>
                                            <pose>Unspecified</pose>
                                            <truncated>0</truncated>
                                            <difficult>0</difficult>
                                            <bndbox>
                                                <xmin>726.2375178283278</xmin>
                                                <ymin>409.34180790960454</ymin>
                                                <xmax>897.2351837502646</xmax>
                                                <ymax>833.2491985256389</ymax>
                                            </bndbox>
                                    </object>
                                    
                                    <object>
                                            <name>water_b</name>
                                            <pose>Unspecified</pose>
                                            <truncated>0</truncated>
                                            <difficult>0</difficult>
                                            <bndbox>
                                                <xmin>923.3878410804352</xmin>
                                                <ymin>433.45029781363104</ymin>
                                                <xmax>1090.3621688394999</xmax>
                                                <ymax>843.2943962657519</ymax>
                                            </bndbox>
                                    </object>
                                    </annotation>