<annotation verified="yes">
                                    <folder>Annotation</folder>
                                    <filename>lagunitas_brewing_flickr0</filename>
                                    <path>C:\Users\HT\Downloads\beer_bottle_cup_dataset\train\annotations\JPEGImages\lagunitas_brewing_flickr.0.jpg</path>
                                    <source>
                                        <database>Unknown</database>
                                    </source>
                                    <size>
                                        <width>1200</width>
                                        <height>800</height>
                                        <depth>3</depth>
                                    </size>
                                    <segmented>0</segmented>
                                    <object>
                                            <name>lagunita</name>
                                            <pose>Unspecified</pose>
                                            <truncated>0</truncated>
                                            <difficult>0</difficult>
                                            <bndbox>
                                                <xmin>126.55367231638418</xmin>
                                                <ymin>39.322037346619</ymin>
                                                <xmax>430.28247208245057</xmax>
                                                <ymax>767.9096458995409</ymax>
                                            </bndbox>
                                    </object>
                                    </annotation>