<annotation verified="yes">
                                    <folder>Annotation</folder>
                                    <filename>lagunitas-beers-fi-720x380</filename>
                                    <path>C:\Users\HT\Downloads\beer_bottle_cup_dataset\train\annotations\JPEGImages\lagunitas-beers-fi-720x380.jpg</path>
                                    <source>
                                        <database>Unknown</database>
                                    </source>
                                    <size>
                                        <width>720</width>
                                        <height>380</height>
                                        <depth>3</depth>
                                    </size>
                                    <segmented>0</segmented>
                                    <object>
                                            <name>lagunita</name>
                                            <pose>Unspecified</pose>
                                            <truncated>0</truncated>
                                            <difficult>0</difficult>
                                            <bndbox>
                                                <xmin>620.5970149253732</xmin>
                                                <ymin>47.87570867161293</ymin>
                                                <xmax>719.4626865671642</xmax>
                                                <ymax>370.76835503012444</ymax>
                                            </bndbox>
                                    </object>
                                    </annotation>