<annotation verified="yes">
                                    <folder>Annotation</folder>
                                    <filename>lagunitas-ipa</filename>
                                    <path>C:\Users\HT\Downloads\beer_bottle_cup_dataset\train\annotations\JPEGImages\lagunitas-ipa.jpg</path>
                                    <source>
                                        <database>Unknown</database>
                                    </source>
                                    <size>
                                        <width>1000</width>
                                        <height>1333</height>
                                        <depth>3</depth>
                                    </size>
                                    <segmented>0</segmented>
                                    <object>
                                            <name>lagunita</name>
                                            <pose>Unspecified</pose>
                                            <truncated>0</truncated>
                                            <difficult>0</difficult>
                                            <bndbox>
                                                <xmin>126.03771281692217</xmin>
                                                <ymin>183.0050933643923</ymin>
                                                <xmax>455.0943626547759</xmax>
                                                <ymax>1137.9452437061375</ymax>
                                            </bndbox>
                                    </object>
                                    </annotation>