<annotation verified="yes">
                                    <folder>Annotation</folder>
                                    <filename>Lagunitas IPA</filename>
                                    <path>C:\Users\HT\Downloads\beer_bottle_cup_dataset\train\annotations\JPEGImages\Lagunitas IPA.JPG</path>
                                    <source>
                                        <database>Unknown</database>
                                    </source>
                                    <size>
                                        <width>1068</width>
                                        <height>1600</height>
                                        <depth>3</depth>
                                    </size>
                                    <segmented>0</segmented>
                                    <object>
                                            <name>lagunita</name>
                                            <pose>Unspecified</pose>
                                            <truncated>0</truncated>
                                            <difficult>0</difficult>
                                            <bndbox>
                                                <xmin>543.5034174515029</xmin>
                                                <ymin>17.175150725801114</ymin>
                                                <xmax>1044.9204494670284</xmax>
                                                <ymax>1534.011271848517</ymax>
                                            </bndbox>
                                    </object>
                                    </annotation>