<annotation verified="yes">
                                    <folder>Annotation</folder>
                                    <filename>lagunitas-ipa-bottle</filename>
                                    <path>C:\Users\HT\Downloads\beer_bottle_cup_dataset\train\annotations\JPEGImages\lagunitas-ipa-bottle.jpg</path>
                                    <source>
                                        <database>Unknown</database>
                                    </source>
                                    <size>
                                        <width>894</width>
                                        <height>1192</height>
                                        <depth>3</depth>
                                    </size>
                                    <segmented>0</segmented>
                                    <object>
                                            <name>lagunita</name>
                                            <pose>Unspecified</pose>
                                            <truncated>0</truncated>
                                            <difficult>0</difficult>
                                            <bndbox>
                                                <xmin>180.14941337153599</xmin>
                                                <ymin>26.264404210667152</ymin>
                                                <xmax>584.9796020507813</xmax>
                                                <ymax>1160.348043150821</ymax>
                                            </bndbox>
                                    </object>
                                    </annotation>