<annotation verified="yes">
                                    <folder>Annotation</folder>
                                    <filename>lagunitas-heineken-hed-2015</filename>
                                    <path>C:\Users\HT\Downloads\beer_bottle_cup_dataset\train\annotations\JPEGImages\lagunitas-heineken-hed-2015.jpg</path>
                                    <source>
                                        <database>Unknown</database>
                                    </source>
                                    <size>
                                        <width>898</width>
                                        <height>505</height>
                                        <depth>3</depth>
                                    </size>
                                    <segmented>0</segmented>
                                    <object>
                                            <name>lagunita</name>
                                            <pose>Unspecified</pose>
                                            <truncated>0</truncated>
                                            <difficult>0</difficult>
                                            <bndbox>
                                                <xmin>11.706842783335093</xmin>
                                                <ymin>14.5508471855336</ymin>
                                                <xmax>171.60508308349998</xmax>
                                                <ymax>488.166684080652</ymax>
                                            </bndbox>
                                    </object>
                                    </annotation>