<annotation verified="yes">
                                    <folder>Annotation</folder>
                                    <filename>Lagunitas-IPA_12oz</filename>
                                    <path>C:\Users\HT\Downloads\beer_bottle_cup_dataset\train\annotations\JPEGImages\Lagunitas-IPA_12oz.jpg</path>
                                    <source>
                                        <database>Unknown</database>
                                    </source>
                                    <size>
                                        <width>414</width>
                                        <height>622</height>
                                        <depth>3</depth>
                                    </size>
                                    <segmented>0</segmented>
                                    <object>
                                            <name>lagunita</name>
                                            <pose>Unspecified</pose>
                                            <truncated>0</truncated>
                                            <difficult>0</difficult>
                                            <bndbox>
                                                <xmin>132.48002150515293</xmin>
                                                <ymin>72.74237556242001</ymin>
                                                <xmax>298.7846916036403</xmax>
                                                <ymax>549.2576378429004</ymax>
                                            </bndbox>
                                    </object>
                                    </annotation>