<annotation verified="yes">
                                    <folder>Annotation</folder>
                                    <filename>Lagunitas-line-up</filename>
                                    <path>C:\Users\HT\Downloads\beer_bottle_cup_dataset\train\annotations\JPEGImages\Lagunitas-line-up.jpg</path>
                                    <source>
                                        <database>Unknown</database>
                                    </source>
                                    <size>
                                        <width>2770</width>
                                        <height>1785</height>
                                        <depth>3</depth>
                                    </size>
                                    <segmented>0</segmented>
                                    <object>
                                            <name>lagunita</name>
                                            <pose>Unspecified</pose>
                                            <truncated>0</truncated>
                                            <difficult>0</difficult>
                                            <bndbox>
                                                <xmin>1857.766910407061</xmin>
                                                <ymin>148.24577040591484</ymin>
                                                <xmax>2346.174863387978</xmax>
                                                <ymax>1362.4492140947764</ymax>
                                            </bndbox>
                                    </object>
                                    </annotation>