<annotation verified="yes">
                                    <folder>Annotation</folder>
                                    <filename>lagunitas-ipa-hawaii</filename>
                                    <path>C:\Users\HT\Downloads\beer_bottle_cup_dataset\train\annotations\JPEGImages\lagunitas-ipa-hawaii.jpg</path>
                                    <source>
                                        <database>Unknown</database>
                                    </source>
                                    <size>
                                        <width>600</width>
                                        <height>400</height>
                                        <depth>3</depth>
                                    </size>
                                    <segmented>0</segmented>
                                    <object>
                                            <name>lagunita</name>
                                            <pose>Unspecified</pose>
                                            <truncated>0</truncated>
                                            <difficult>0</difficult>
                                            <bndbox>
                                                <xmin>56.04520463674082</xmin>
                                                <ymin>26.892656660349356</ymin>
                                                <xmax>175.36724543167372</xmax>
                                                <ymax>358.6440608999823</ymax>
                                            </bndbox>
                                    </object>
                                    </annotation>