<annotation verified="yes">
                                    <folder>Annotation</folder>
                                    <filename>maxresdefault</filename>
                                    <path>C:\Users\HT\Downloads\beer_bottle_cup_dataset\train\annotations\JPEGImages\maxresdefault.jpg</path>
                                    <source>
                                        <database>Unknown</database>
                                    </source>
                                    <size>
                                        <width>1280</width>
                                        <height>720</height>
                                        <depth>3</depth>
                                    </size>
                                    <segmented>0</segmented>
                                    <object>
                                            <name>guinness_c</name>
                                            <pose>Unspecified</pose>
                                            <truncated>0</truncated>
                                            <difficult>0</difficult>
                                            <bndbox>
                                                <xmin>982.0795657790143</xmin>
                                                <ymin>41.8983136193227</ymin>
                                                <xmax>1266.976227146264</xmax>
                                                <ymax>668.3389954647776</ymax>
                                            </bndbox>
                                    </object>
                                    
                                    <object>
                                            <name>guinness_c</name>
                                            <pose>Unspecified</pose>
                                            <truncated>0</truncated>
                                            <difficult>0</difficult>
                                            <bndbox>
                                                <xmin>210.41655281200318</xmin>
                                                <ymin>24.00000232761189</ymin>
                                                <xmax>578.3402474165342</xmax>
                                                <ymax>720</ymax>
                                            </bndbox>
                                    </object>
                                    </annotation>