<annotation verified="yes">
                                    <folder>Annotation</folder>
                                    <filename>maxresdefault (1)</filename>
                                    <path>C:\Users\HT\Downloads\beer_bottle_cup_dataset\train\annotations\JPEGImages\maxresdefault (1).jpg</path>
                                    <source>
                                        <database>Unknown</database>
                                    </source>
                                    <size>
                                        <width>1280</width>
                                        <height>720</height>
                                        <depth>3</depth>
                                    </size>
                                    <segmented>0</segmented>
                                    <object>
                                            <name>guinness_c</name>
                                            <pose>Unspecified</pose>
                                            <truncated>0</truncated>
                                            <difficult>0</difficult>
                                            <bndbox>
                                                <xmin>741.1383396263911</xmin>
                                                <ymin>93.96611876406912</ymin>
                                                <xmax>995.1033386327504</xmax>
                                                <ymax>691.1186813095869</ymax>
                                            </bndbox>
                                    </object>
                                    </annotation>