<annotation verified="yes">
                                    <folder>Annotation</folder>
                                    <filename>Mexican_Corona_Beer_355ml-min_1024x1024</filename>
                                    <path>C:\Users\HT\Downloads\beer_bottle_cup_dataset\train\annotations\JPEGImages\Mexican_Corona_Beer_355ml-min_1024x1024.jpg</path>
                                    <source>
                                        <database>Unknown</database>
                                    </source>
                                    <size>
                                        <width>1024</width>
                                        <height>763</height>
                                        <depth>3</depth>
                                    </size>
                                    <segmented>0</segmented>
                                    <object>
                                            <name>corona</name>
                                            <pose>Unspecified</pose>
                                            <truncated>0</truncated>
                                            <difficult>0</difficult>
                                            <bndbox>
                                                <xmin>425.98401315789476</xmin>
                                                <ymin>51.2977425796164</ymin>
                                                <xmax>594.9978947368421</xmax>
                                                <ymax>672.0435422908115</ymax>
                                            </bndbox>
                                    </object>
                                    </annotation>