<annotation verified="yes">
                                    <folder>Annotation</folder>
                                    <filename>npl_bottle_hr_new</filename>
                                    <path>C:\Users\HT\Downloads\beer_bottle_cup_dataset\train\annotations\JPEGImages\npl_bottle_hr_new.png</path>
                                    <source>
                                        <database>Unknown</database>
                                    </source>
                                    <size>
                                        <width>2550</width>
                                        <height>3300</height>
                                        <depth>3</depth>
                                    </size>
                                    <segmented>0</segmented>
                                    <object>
                                            <name>water_b</name>
                                            <pose>Unspecified</pose>
                                            <truncated>0</truncated>
                                            <difficult>0</difficult>
                                            <bndbox>
                                                <xmin>752.8571998680031</xmin>
                                                <ymin>124.91526846158303</ymin>
                                                <xmax>1761.648408659212</xmax>
                                                <ymax>3182.5423159841766</ymax>
                                            </bndbox>
                                    </object>
                                    </annotation>