<annotation verified="yes">
                                    <folder>Annotation</folder>
                                    <filename>P1010336</filename>
                                    <path>C:\Users\HT\Downloads\beer_bottle_cup_dataset\train\annotations\JPEGImages\P1010336.JPG</path>
                                    <source>
                                        <database>Unknown</database>
                                    </source>
                                    <size>
                                        <width>1200</width>
                                        <height>1600</height>
                                        <depth>3</depth>
                                    </size>
                                    <segmented>0</segmented>
                                    <object>
                                            <name>guinness_c</name>
                                            <pose>Unspecified</pose>
                                            <truncated>0</truncated>
                                            <difficult>0</difficult>
                                            <bndbox>
                                                <xmin>86.0377358490566</xmin>
                                                <ymin>179.88701944297316</ymin>
                                                <xmax>546.1132351857311</xmax>
                                                <ymax>1199.5479950123588</ymax>
                                            </bndbox>
                                    </object>
                                    </annotation>