<annotation verified="yes">
                                    <folder>Annotation</folder>
                                    <filename>pA3sD9n</filename>
                                    <path>C:\Users\HT\Downloads\beer_bottle_cup_dataset\train\annotations\JPEGImages\pA3sD9n.jpg</path>
                                    <source>
                                        <database>Unknown</database>
                                    </source>
                                    <size>
                                        <width>1536</width>
                                        <height>2048</height>
                                        <depth>3</depth>
                                    </size>
                                    <segmented>0</segmented>
                                    <object>
                                            <name>jucifer</name>
                                            <pose>Unspecified</pose>
                                            <truncated>0</truncated>
                                            <difficult>0</difficult>
                                            <bndbox>
                                                <xmin>685.114033018868</xmin>
                                                <ymin>415.38532838983053</ymin>
                                                <xmax>1292.5584905660378</xmax>
                                                <ymax>1544.677966101695</ymax>
                                            </bndbox>
                                    </object>
                                    </annotation>