<annotation verified="yes">
                                    <folder>Annotation</folder>
                                    <filename>paper cup</filename>
                                    <path>C:\Users\HT\Downloads\beer_bottle_cup_dataset\train\annotations\JPEGImages\paper cup.jpg</path>
                                    <source>
                                        <database>Unknown</database>
                                    </source>
                                    <size>
                                        <width>1184</width>
                                        <height>1622</height>
                                        <depth>3</depth>
                                    </size>
                                    <segmented>0</segmented>
                                    <object>
                                            <name>cup</name>
                                            <pose>Unspecified</pose>
                                            <truncated>0</truncated>
                                            <difficult>0</difficult>
                                            <bndbox>
                                                <xmin>173.92865416061048</xmin>
                                                <ymin>277.66439978820455</ymin>
                                                <xmax>1007.3178294573644</xmax>
                                                <ymax>1318.6769200556696</ymax>
                                            </bndbox>
                                    </object>
                                    </annotation>