<annotation verified="yes">
                                    <folder>Annotation</folder>
                                    <filename>paper-coffee-cups-500x500</filename>
                                    <path>C:\Users\HT\Downloads\beer_bottle_cup_dataset\train\annotations\JPEGImages\paper-coffee-cups-500x500.jpg</path>
                                    <source>
                                        <database>Unknown</database>
                                    </source>
                                    <size>
                                        <width>500</width>
                                        <height>500</height>
                                        <depth>3</depth>
                                    </size>
                                    <segmented>0</segmented>
                                    <object>
                                            <name>cup</name>
                                            <pose>Unspecified</pose>
                                            <truncated>0</truncated>
                                            <difficult>0</difficult>
                                            <bndbox>
                                                <xmin>96.46895241602667</xmin>
                                                <ymin>49.43502824858757</ymin>
                                                <xmax>398.1638762910487</xmax>
                                                <ymax>456.2146892655367</ymax>
                                            </bndbox>
                                    </object>
                                    </annotation>