<annotation verified="yes">
                                    <folder>Annotation</folder>
                                    <filename>Paper_cup_DS</filename>
                                    <path>C:\Users\HT\Downloads\beer_bottle_cup_dataset\train\annotations\JPEGImages\Paper_cup_DS.jpg</path>
                                    <source>
                                        <database>Unknown</database>
                                    </source>
                                    <size>
                                        <width>3260</width>
                                        <height>2172</height>
                                        <depth>3</depth>
                                    </size>
                                    <segmented>0</segmented>
                                    <object>
                                            <name>cup</name>
                                            <pose>Unspecified</pose>
                                            <truncated>0</truncated>
                                            <difficult>0</difficult>
                                            <bndbox>
                                                <xmin>957.7401129943503</xmin>
                                                <ymin>415.9932390633276</ymin>
                                                <xmax>2269.1075694628353</xmax>
                                                <ymax>2050.5153291346664</ymax>
                                            </bndbox>
                                    </object>
                                    </annotation>