<annotation verified="yes">
                                    <folder>Annotation</folder>
                                    <filename>pHun8RO</filename>
                                    <path>C:\Users\HT\Downloads\beer_bottle_cup_dataset\train\annotations\JPEGImages\pHun8RO.jpg</path>
                                    <source>
                                        <database>Unknown</database>
                                    </source>
                                    <size>
                                        <width>1536</width>
                                        <height>2048</height>
                                        <depth>3</depth>
                                    </size>
                                    <segmented>0</segmented>
                                    <object>
                                            <name>jucifer</name>
                                            <pose>Unspecified</pose>
                                            <truncated>0</truncated>
                                            <difficult>0</difficult>
                                            <bndbox>
                                                <xmin>244.60082547169813</xmin>
                                                <ymin>642.1694915254237</ymin>
                                                <xmax>768.5796580188679</xmax>
                                                <ymax>1558.5626765536724</ymax>
                                            </bndbox>
                                    </object>
                                    </annotation>