<annotation verified="yes">
                                    <folder>Annotation</folder>
                                    <filename>Pienoismallit ja ruokia 151</filename>
                                    <path>C:\Users\HT\Downloads\beer_bottle_cup_dataset\train\annotations\JPEGImages\Pienoismallit ja ruokia 151.JPG</path>
                                    <source>
                                        <database>Unknown</database>
                                    </source>
                                    <size>
                                        <width>1200</width>
                                        <height>1600</height>
                                        <depth>3</depth>
                                    </size>
                                    <segmented>0</segmented>
                                    <object>
                                            <name>hienieken</name>
                                            <pose>Unspecified</pose>
                                            <truncated>0</truncated>
                                            <difficult>0</difficult>
                                            <bndbox>
                                                <xmin>604.075444059552</xmin>
                                                <ymin>96.72316211765096</ymin>
                                                <xmax>977.2076300854953</xmax>
                                                <ymax>1470.7344356903247</ymax>
                                            </bndbox>
                                    </object>
                                    </annotation>