<annotation verified="yes">
                                    <folder>Annotation</folder>
                                    <filename>qjikjrnsr6ijkykzopjbhhukwyjas72r9bn9qlbxv2tf4wp19dealpixghkp9zfv-</filename>
                                    <path>C:\Users\HT\Downloads\beer_bottle_cup_dataset\train\annotations\JPEGImages\qjikjrnsr6ijkykzopjbhhukwyjas72r9bn9qlbxv2tf4wp19dealpixghkp9zfv-.jpg</path>
                                    <source>
                                        <database>Unknown</database>
                                    </source>
                                    <size>
                                        <width>1820</width>
                                        <height>1212</height>
                                        <depth>3</depth>
                                    </size>
                                    <segmented>0</segmented>
                                    <object>
                                            <name>hienieken</name>
                                            <pose>Unspecified</pose>
                                            <truncated>0</truncated>
                                            <difficult>0</difficult>
                                            <bndbox>
                                                <xmin>466.1393596986817</xmin>
                                                <ymin>62.31186701887745</ymin>
                                                <xmax>762.2749319992496</xmax>
                                                <ymax>1155.166080798133</ymax>
                                            </bndbox>
                                    </object>
                                    
                                    <object>
                                            <name>hienieken</name>
                                            <pose>Unspecified</pose>
                                            <truncated>0</truncated>
                                            <difficult>0</difficult>
                                            <bndbox>
                                                <xmin>797.9209667141154</xmin>
                                                <ymin>207.47796087749936</ymin>
                                                <xmax>1039.2166143442503</xmax>
                                                <ymax>1144.21021128509</ymax>
                                            </bndbox>
                                    </object>
                                    </annotation>