<annotation verified="yes">
                                    <folder>Annotation</folder>
                                    <filename>red-plastic-cup-n1KXoxC-600</filename>
                                    <path>C:\Users\HT\Downloads\beer_bottle_cup_dataset\train\annotations\JPEGImages\red-plastic-cup-n1KXoxC-600.jpg</path>
                                    <source>
                                        <database>Unknown</database>
                                    </source>
                                    <size>
                                        <width>600</width>
                                        <height>600</height>
                                        <depth>3</depth>
                                    </size>
                                    <segmented>0</segmented>
                                    <object>
                                            <name>cup</name>
                                            <pose>Unspecified</pose>
                                            <truncated>0</truncated>
                                            <difficult>0</difficult>
                                            <bndbox>
                                                <xmin>140.1695122153072</xmin>
                                                <ymin>86.4406779661017</ymin>
                                                <xmax>462.88141800185383</xmax>
                                                <ymax>509.4915357686706</ymax>
                                            </bndbox>
                                    </object>
                                    </annotation>