<annotation verified="yes">
                                    <folder>Annotation</folder>
                                    <filename>RK19Qqg</filename>
                                    <path>C:\Users\HT\Downloads\beer_bottle_cup_dataset\train\annotations\JPEGImages\RK19Qqg.jpg</path>
                                    <source>
                                        <database>Unknown</database>
                                    </source>
                                    <size>
                                        <width>3024</width>
                                        <height>4032</height>
                                        <depth>3</depth>
                                    </size>
                                    <segmented>0</segmented>
                                    <object>
                                            <name>jucifer</name>
                                            <pose>Unspecified</pose>
                                            <truncated>0</truncated>
                                            <difficult>0</difficult>
                                            <bndbox>
                                                <xmin>1376.2053526680425</xmin>
                                                <ymin>1227.8237635725636</ymin>
                                                <xmax>2515.055024690448</xmax>
                                                <ymax>3271.1594610699153</ymax>
                                            </bndbox>
                                    </object>
                                    </annotation>