<annotation verified="yes">
                                    <folder>Annotation</folder>
                                    <filename>s-l1000 (8)</filename>
                                    <path>C:\Users\HT\Downloads\beer_bottle_cup_dataset\train\annotations\JPEGImages\s-l1000 (8).jpg</path>
                                    <source>
                                        <database>Unknown</database>
                                    </source>
                                    <size>
                                        <width>750</width>
                                        <height>750</height>
                                        <depth>3</depth>
                                    </size>
                                    <segmented>0</segmented>
                                    <object>
                                            <name>water_b</name>
                                            <pose>Unspecified</pose>
                                            <truncated>0</truncated>
                                            <difficult>0</difficult>
                                            <bndbox>
                                                <xmin>241.31354639085674</xmin>
                                                <ymin>18.22034585273872</ymin>
                                                <xmax>493.85594513456704</xmax>
                                                <ymax>725.0000258623544</ymax>
                                            </bndbox>
                                    </object>
                                    </annotation>