<annotation verified="yes">
                                    <folder>Annotation</folder>
                                    <filename>s-l1000 (7)</filename>
                                    <path>C:\Users\HT\Downloads\beer_bottle_cup_dataset\train\annotations\JPEGImages\s-l1000 (7).jpg</path>
                                    <source>
                                        <database>Unknown</database>
                                    </source>
                                    <size>
                                        <width>750</width>
                                        <height>750</height>
                                        <depth>3</depth>
                                    </size>
                                    <segmented>0</segmented>
                                    <object>
                                            <name>water_b</name>
                                            <pose>Unspecified</pose>
                                            <truncated>0</truncated>
                                            <difficult>0</difficult>
                                            <bndbox>
                                                <xmin>249.78812266204318</xmin>
                                                <ymin>13.13559483673613</ymin>
                                                <xmax>492.1610557426841</xmax>
                                                <ymax>730.0847586938891</ymax>
                                            </bndbox>
                                    </object>
                                    </annotation>