<annotation verified="yes">
                                    <folder>Annotation</folder>
                                    <filename>s-l1000 (5)</filename>
                                    <path>C:\Users\HT\Downloads\beer_bottle_cup_dataset\train\annotations\JPEGImages\s-l1000 (5).jpg</path>
                                    <source>
                                        <database>Unknown</database>
                                    </source>
                                    <size>
                                        <width>840</width>
                                        <height>1000</height>
                                        <depth>3</depth>
                                    </size>
                                    <segmented>0</segmented>
                                    <object>
                                            <name>cup</name>
                                            <pose>Unspecified</pose>
                                            <truncated>0</truncated>
                                            <difficult>0</difficult>
                                            <bndbox>
                                                <xmin>13.010118272569443</xmin>
                                                <ymin>115.81920903954803</ymin>
                                                <xmax>428.20200293955173</xmax>
                                                <ymax>914.6893172614319</ymax>
                                            </bndbox>
                                    </object>
                                    
                                    <object>
                                            <name>cup</name>
                                            <pose>Unspecified</pose>
                                            <truncated>0</truncated>
                                            <difficult>0</difficult>
                                            <bndbox>
                                                <xmin>431.595976858428</xmin>
                                                <ymin>289.83050955217436</ymin>
                                                <xmax>814.5454545454545</xmax>
                                                <ymax>984.7457799534341</ymax>
                                            </bndbox>
                                    </object>
                                    </annotation>