<annotation verified="yes">
                                    <folder>Annotation</folder>
                                    <filename>s-l1000 (4)</filename>
                                    <path>C:\Users\HT\Downloads\beer_bottle_cup_dataset\train\annotations\JPEGImages\s-l1000 (4).jpg</path>
                                    <source>
                                        <database>Unknown</database>
                                    </source>
                                    <size>
                                        <width>750</width>
                                        <height>1000</height>
                                        <depth>3</depth>
                                    </size>
                                    <segmented>0</segmented>
                                    <object>
                                            <name>cup</name>
                                            <pose>Unspecified</pose>
                                            <truncated>0</truncated>
                                            <difficult>0</difficult>
                                            <bndbox>
                                                <xmin>60.56602046174823</xmin>
                                                <ymin>207.34463707875398</ymin>
                                                <xmax>660.5661068322523</xmax>
                                                <ymax>894.3502997274453</ymax>
                                            </bndbox>
                                    </object>
                                    </annotation>