<annotation verified="yes">
                                    <folder>Annotation</folder>
                                    <filename>s-l1000</filename>
                                    <path>C:\Users\HT\Downloads\beer_bottle_cup_dataset\train\annotations\JPEGImages\s-l1000.jpg</path>
                                    <source>
                                        <database>Unknown</database>
                                    </source>
                                    <size>
                                        <width>1000</width>
                                        <height>769</height>
                                        <depth>3</depth>
                                    </size>
                                    <segmented>0</segmented>
                                    <object>
                                            <name>cup</name>
                                            <pose>Unspecified</pose>
                                            <truncated>0</truncated>
                                            <difficult>0</difficult>
                                            <bndbox>
                                                <xmin>495.00002653702444</xmin>
                                                <ymin>77.76892489632644</ymin>
                                                <xmax>961.0870361328125</xmax>
                                                <ymax>686.0175539005947</ymax>
                                            </bndbox>
                                    </object>
                                    
                                    <object>
                                            <name>cup</name>
                                            <pose>Unspecified</pose>
                                            <truncated>0</truncated>
                                            <difficult>0</difficult>
                                            <bndbox>
                                                <xmin>51.956541641898774</xmin>
                                                <ymin>345.39830508474574</ymin>
                                                <xmax>444.5652173913043</xmax>
                                                <ymax>769</ymax>
                                            </bndbox>
                                    </object>
                                    </annotation>