<annotation verified="yes">
                                    <folder>Annotation</folder>
                                    <filename>s-l1000 (3)</filename>
                                    <path>C:\Users\HT\Downloads\beer_bottle_cup_dataset\train\annotations\JPEGImages\s-l1000 (3).jpg</path>
                                    <source>
                                        <database>Unknown</database>
                                    </source>
                                    <size>
                                        <width>1000</width>
                                        <height>667</height>
                                        <depth>3</depth>
                                    </size>
                                    <segmented>0</segmented>
                                    <object>
                                            <name>cup</name>
                                            <pose>Unspecified</pose>
                                            <truncated>0</truncated>
                                            <difficult>0</difficult>
                                            <bndbox>
                                                <xmin>319.0566152896521</xmin>
                                                <ymin>112.67401704949847</ymin>
                                                <xmax>696.4151634360259</xmax>
                                                <ymax>575.4288020591952</ymax>
                                            </bndbox>
                                    </object>
                                    </annotation>