<annotation verified="yes">
                                    <folder>Annotation</folder>
                                    <filename>s-l1000 (1)</filename>
                                    <path>C:\Users\HT\Downloads\beer_bottle_cup_dataset\train\annotations\JPEGImages\s-l1000 (1).jpg</path>
                                    <source>
                                        <database>Unknown</database>
                                    </source>
                                    <size>
                                        <width>1000</width>
                                        <height>1000</height>
                                        <depth>3</depth>
                                    </size>
                                    <segmented>0</segmented>
                                    <object>
                                            <name>cup</name>
                                            <pose>Unspecified</pose>
                                            <truncated>0</truncated>
                                            <difficult>0</difficult>
                                            <bndbox>
                                                <xmin>258.47457627118644</xmin>
                                                <ymin>98.87005649717514</ymin>
                                                <xmax>728.5310562047582</xmax>
                                                <ymax>905.6497347556939</ymax>
                                            </bndbox>
                                    </object>
                                    </annotation>