<annotation verified="yes">
                                    <folder>Annotation</folder>
                                    <filename>s-l1000 (6)</filename>
                                    <path>C:\Users\HT\Downloads\beer_bottle_cup_dataset\train\annotations\JPEGImages\s-l1000 (6).jpg</path>
                                    <source>
                                        <database>Unknown</database>
                                    </source>
                                    <size>
                                        <width>1000</width>
                                        <height>1000</height>
                                        <depth>3</depth>
                                    </size>
                                    <segmented>0</segmented>
                                    <object>
                                            <name>cup</name>
                                            <pose>Unspecified</pose>
                                            <truncated>0</truncated>
                                            <difficult>0</difficult>
                                            <bndbox>
                                                <xmin>127.40114718507239</xmin>
                                                <ymin>10.734469203625697</ymin>
                                                <xmax>882.2033553473694</xmax>
                                                <ymax>998.3050675041932</ymax>
                                            </bndbox>
                                    </object>
                                    </annotation>