<annotation verified="yes">
                                    <folder>Annotation</folder>
                                    <filename>s-l1000 (2)</filename>
                                    <path>C:\Users\HT\Downloads\beer_bottle_cup_dataset\train\annotations\JPEGImages\s-l1000 (2).jpg</path>
                                    <source>
                                        <database>Unknown</database>
                                    </source>
                                    <size>
                                        <width>550</width>
                                        <height>827</height>
                                        <depth>3</depth>
                                    </size>
                                    <segmented>0</segmented>
                                    <object>
                                            <name>cup</name>
                                            <pose>Unspecified</pose>
                                            <truncated>0</truncated>
                                            <difficult>0</difficult>
                                            <bndbox>
                                                <xmin>65.53191489361703</xmin>
                                                <ymin>46.255934876910715</ymin>
                                                <xmax>484.9361987824136</xmax>
                                                <ymax>737.758799838481</ymax>
                                            </bndbox>
                                    </object>
                                    </annotation>