<annotation verified="yes">
                                    <folder>Annotation</folder>
                                    <filename>s1094558_sc7</filename>
                                    <path>C:\Users\HT\Downloads\beer_bottle_cup_dataset\train\annotations\JPEGImages\s1094558_sc7.jpeg</path>
                                    <source>
                                        <database>Unknown</database>
                                    </source>
                                    <size>
                                        <width>512</width>
                                        <height>512</height>
                                        <depth>3</depth>
                                    </size>
                                    <segmented>0</segmented>
                                    <object>
                                            <name>water_b</name>
                                            <pose>Unspecified</pose>
                                            <truncated>0</truncated>
                                            <difficult>0</difficult>
                                            <bndbox>
                                                <xmin>163.57966984463278</xmin>
                                                <ymin>5.4960482322563555</ymin>
                                                <xmax>344.08134710451975</xmax>
                                                <ymax>507.66101694915255</ymax>
                                            </bndbox>
                                    </object>
                                    </annotation>