<annotation verified="yes">
                                    <folder>Annotation</folder>
                                    <filename>smartwater-Bottle-review-straight-on-shot-featured</filename>
                                    <path>C:\Users\HT\Downloads\beer_bottle_cup_dataset\train\annotations\JPEGImages\smartwater-Bottle-review-straight-on-shot-featured.jpg</path>
                                    <source>
                                        <database>Unknown</database>
                                    </source>
                                    <size>
                                        <width>1425</width>
                                        <height>1500</height>
                                        <depth>3</depth>
                                    </size>
                                    <segmented>0</segmented>
                                    <object>
                                            <name>water_b</name>
                                            <pose>Unspecified</pose>
                                            <truncated>0</truncated>
                                            <difficult>0</difficult>
                                            <bndbox>
                                                <xmin>499.1741589137486</xmin>
                                                <ymin>50.00000484919144</ymin>
                                                <xmax>936.8526526859829</xmax>
                                                <ymax>1439.8305860616395</ymax>
                                            </bndbox>
                                    </object>
                                    </annotation>