<annotation verified="yes">
                                    <folder>Annotation</folder>
                                    <filename>solo_16oz_hot_cup</filename>
                                    <path>C:\Users\HT\Downloads\beer_bottle_cup_dataset\train\annotations\JPEGImages\solo_16oz_hot_cup.jpg</path>
                                    <source>
                                        <database>Unknown</database>
                                    </source>
                                    <size>
                                        <width>800</width>
                                        <height>800</height>
                                        <depth>3</depth>
                                    </size>
                                    <segmented>0</segmented>
                                    <object>
                                            <name>cup</name>
                                            <pose>Unspecified</pose>
                                            <truncated>0</truncated>
                                            <difficult>0</difficult>
                                            <bndbox>
                                                <xmin>194.12427999205508</xmin>
                                                <ymin>136.94914909405898</ymin>
                                                <xmax>588.2486289503884</xmax>
                                                <ymax>748.0225988700565</ymax>
                                            </bndbox>
                                    </object>
                                    </annotation>