<annotation verified="yes">
                                    <folder>Annotation</folder>
                                    <filename>stefan-radenkovic-heineken-final</filename>
                                    <path>C:\Users\HT\Downloads\beer_bottle_cup_dataset\train\annotations\JPEGImages\stefan-radenkovic-heineken-final.jpg</path>
                                    <source>
                                        <database>Unknown</database>
                                    </source>
                                    <size>
                                        <width>1420</width>
                                        <height>1600</height>
                                        <depth>3</depth>
                                    </size>
                                    <segmented>0</segmented>
                                    <object>
                                            <name>hienieken</name>
                                            <pose>Unspecified</pose>
                                            <truncated>0</truncated>
                                            <difficult>0</difficult>
                                            <bndbox>
                                                <xmin>287.16560509554137</xmin>
                                                <ymin>114.80225816284869</ymin>
                                                <xmax>663.4204373693769</xmax>
                                                <ymax>1470.7344356903247</ymax>
                                            </bndbox>
                                    </object>
                                    </annotation>