<annotation verified="yes">
                                    <folder>Annotation</folder>
                                    <filename>Still-bottled-waters-group-shot_slide</filename>
                                    <path>C:\Users\HT\Downloads\beer_bottle_cup_dataset\train\annotations\JPEGImages\Still-bottled-waters-group-shot_slide.jpg</path>
                                    <source>
                                        <database>Unknown</database>
                                    </source>
                                    <size>
                                        <width>615</width>
                                        <height>350</height>
                                        <depth>3</depth>
                                    </size>
                                    <segmented>0</segmented>
                                    <object>
                                            <name>water_b</name>
                                            <pose>Unspecified</pose>
                                            <truncated>0</truncated>
                                            <difficult>0</difficult>
                                            <bndbox>
                                                <xmin>128.8336043035869</xmin>
                                                <ymin>4.548022976029391</ymin>
                                                <xmax>241.1551386597072</xmax>
                                                <ymax>328.0508655612752</ymax>
                                            </bndbox>
                                    </object>
                                    
                                    <object>
                                            <name>water_b</name>
                                            <pose>Unspecified</pose>
                                            <truncated>0</truncated>
                                            <difficult>0</difficult>
                                            <bndbox>
                                                <xmin>250.64710610932474</xmin>
                                                <ymin>3.7570642212689935</ymin>
                                                <xmax>352.68570338798105</xmax>
                                                <ymax>328.0508655612752</ymax>
                                            </bndbox>
                                    </object>
                                    
                                    <object>
                                            <name>water_b</name>
                                            <pose>Unspecified</pose>
                                            <truncated>0</truncated>
                                            <difficult>0</difficult>
                                            <bndbox>
                                                <xmin>358.222686914769</xmin>
                                                <ymin>7.711863652460993</ymin>
                                                <xmax>465.79826772021323</xmax>
                                                <ymax>321.7231578072586</ymax>
                                            </bndbox>
                                    </object>
                                    </annotation>