<annotation verified="yes">
                                    <folder>Annotation</folder>
                                    <filename>th (3)</filename>
                                    <path>C:\Users\HT\Downloads\beer_bottle_cup_dataset\train\annotations\JPEGImages\th (3).jpeg</path>
                                    <source>
                                        <database>Unknown</database>
                                    </source>
                                    <size>
                                        <width>474</width>
                                        <height>474</height>
                                        <depth>3</depth>
                                    </size>
                                    <segmented>0</segmented>
                                    <object>
                                            <name>guinness_c</name>
                                            <pose>Unspecified</pose>
                                            <truncated>0</truncated>
                                            <difficult>0</difficult>
                                            <bndbox>
                                                <xmin>155.72375333107124</xmin>
                                                <ymin>75.7864437426551</ymin>
                                                <xmax>314.25933837890625</xmax>
                                                <ymax>398.21355114952996</ymax>
                                            </bndbox>
                                    </object>
                                    </annotation>