<annotation verified="yes">
                                    <folder>Annotation</folder>
                                    <filename>th (7)</filename>
                                    <path>C:\Users\HT\Downloads\beer_bottle_cup_dataset\train\annotations\JPEGImages\th (7).jpeg</path>
                                    <source>
                                        <database>Unknown</database>
                                    </source>
                                    <size>
                                        <width>474</width>
                                        <height>266</height>
                                        <depth>3</depth>
                                    </size>
                                    <segmented>0</segmented>
                                    <object>
                                            <name>water_b</name>
                                            <pose>Unspecified</pose>
                                            <truncated>0</truncated>
                                            <difficult>0</difficult>
                                            <bndbox>
                                                <xmin>8.953334481375558</xmin>
                                                <ymin>137.5084745762712</ymin>
                                                <xmax>46.27142857142857</xmax>
                                                <ymax>227.0768453307071</ymax>
                                            </bndbox>
                                    </object>
                                    
                                    <object>
                                            <name>water_b</name>
                                            <pose>Unspecified</pose>
                                            <truncated>0</truncated>
                                            <difficult>0</difficult>
                                            <bndbox>
                                                <xmin>50.4847664969308</xmin>
                                                <ymin>111.65989159190723</ymin>
                                                <xmax>89.60857602074033</xmax>
                                                <ymax>229.48135134594588</ymax>
                                            </bndbox>
                                    </object>
                                    
                                    <object>
                                            <name>water_b</name>
                                            <pose>Unspecified</pose>
                                            <truncated>0</truncated>
                                            <difficult>0</difficult>
                                            <bndbox>
                                                <xmin>95.02571658179873</xmin>
                                                <ymin>81.6033886839441</ymin>
                                                <xmax>132.34380493164062</xmax>
                                                <ymax>229.48135134594588</ymax>
                                            </bndbox>
                                    </object>
                                    
                                    <object>
                                            <name>water_b</name>
                                            <pose>Unspecified</pose>
                                            <truncated>0</truncated>
                                            <difficult>0</difficult>
                                            <bndbox>
                                                <xmin>137.15906139555432</xmin>
                                                <ymin>64.77175485212251</ymin>
                                                <xmax>184.10762823195685</xmax>
                                                <ymax>228.27910980397024</ymax>
                                            </bndbox>
                                    </object>
                                    
                                    <object>
                                            <name>water_b</name>
                                            <pose>Unspecified</pose>
                                            <truncated>0</truncated>
                                            <difficult>0</difficult>
                                            <bndbox>
                                                <xmin>185.91333792550225</xmin>
                                                <ymin>55.75480569958013</ymin>
                                                <xmax>234.66761445545015</xmax>
                                                <ymax>230.08249504822123</ymax>
                                            </bndbox>
                                    </object>
                                    
                                    <object>
                                            <name>water_b</name>
                                            <pose>Unspecified</pose>
                                            <truncated>0</truncated>
                                            <difficult>0</difficult>
                                            <bndbox>
                                                <xmin>236.47334710984003</xmin>
                                                <ymin>38.92316326852572</ymin>
                                                <xmax>290.04285714285714</xmax>
                                                <ymax>227.0768453307071</ymax>
                                            </bndbox>
                                    </object>
                                    
                                    <object>
                                            <name>water_b</name>
                                            <pose>Unspecified</pose>
                                            <truncated>0</truncated>
                                            <difficult>0</difficult>
                                            <bndbox>
                                                <xmin>293.05238095238093</xmin>
                                                <ymin>65.97401359256378</ymin>
                                                <xmax>335.78760986328126</xmax>
                                                <ymax>228.88023057495806</ymax>
                                            </bndbox>
                                    </object>
                                    
                                    <object>
                                            <name>water_b</name>
                                            <pose>Unspecified</pose>
                                            <truncated>0</truncated>
                                            <difficult>0</difficult>
                                            <bndbox>
                                                <xmin>343.01049455915177</xmin>
                                                <ymin>105.04745992024739</ymin>
                                                <xmax>383.9399908156622</xmax>
                                                <ymax>227.67796610169492</ymax>
                                            </bndbox>
                                    </object>
                                    
                                    <object>
                                            <name>water_b</name>
                                            <pose>Unspecified</pose>
                                            <truncated>0</truncated>
                                            <difficult>0</difficult>
                                            <bndbox>
                                                <xmin>391.1628755115327</xmin>
                                                <ymin>127.89039318709725</ymin>
                                                <xmax>418.850485374814</xmax>
                                                <ymax>228.27910980397024</ymax>
                                            </bndbox>
                                    </object>
                                    
                                    <object>
                                            <name>water_b</name>
                                            <pose>Unspecified</pose>
                                            <truncated>0</truncated>
                                            <difficult>0</difficult>
                                            <bndbox>
                                                <xmin>427.2771612258185</xmin>
                                                <ymin>144.7220384845626</ymin>
                                                <xmax>459.7800275530134</xmax>
                                                <ymax>228.27910980397024</ymax>
                                            </bndbox>
                                    </object>
                                    </annotation>