<annotation verified="yes">
                                    <folder>Annotation</folder>
                                    <filename>th (6)</filename>
                                    <path>C:\Users\HT\Downloads\beer_bottle_cup_dataset\train\annotations\JPEGImages\th (6).jpeg</path>
                                    <source>
                                        <database>Unknown</database>
                                    </source>
                                    <size>
                                        <width>474</width>
                                        <height>321</height>
                                        <depth>3</depth>
                                    </size>
                                    <segmented>0</segmented>
                                    <object>
                                            <name>corona</name>
                                            <pose>Unspecified</pose>
                                            <truncated>0</truncated>
                                            <difficult>0</difficult>
                                            <bndbox>
                                                <xmin>149.19197064980693</xmin>
                                                <ymin>49.87288135593221</ymin>
                                                <xmax>213.1184018891433</xmax>
                                                <ymax>291.4389775163037</ymax>
                                            </bndbox>
                                    </object>
                                    </annotation>