<annotation verified="yes">
                                    <folder>Annotation</folder>
                                    <filename>th (5)</filename>
                                    <path>C:\Users\HT\Downloads\beer_bottle_cup_dataset\train\annotations\JPEGImages\th (5).jpeg</path>
                                    <source>
                                        <database>Unknown</database>
                                    </source>
                                    <size>
                                        <width>474</width>
                                        <height>433</height>
                                        <depth>3</depth>
                                    </size>
                                    <segmented>0</segmented>
                                    <object>
                                            <name>lagunita</name>
                                            <pose>Unspecified</pose>
                                            <truncated>0</truncated>
                                            <difficult>0</difficult>
                                            <bndbox>
                                                <xmin>24.496124031007753</xmin>
                                                <ymin>35.96101881555245</ymin>
                                                <xmax>144.03721677794937</xmax>
                                                <ymax>354.9621618238546</ymax>
                                            </bndbox>
                                    </object>
                                    </annotation>