<annotation verified="yes">
                                    <folder>Annotation</folder>
                                    <filename>th (4)</filename>
                                    <path>C:\Users\HT\Downloads\beer_bottle_cup_dataset\train\annotations\JPEGImages\th (4).jpeg</path>
                                    <source>
                                        <database>Unknown</database>
                                    </source>
                                    <size>
                                        <width>474</width>
                                        <height>276</height>
                                        <depth>3</depth>
                                    </size>
                                    <segmented>0</segmented>
                                    <object>
                                            <name>jucifer</name>
                                            <pose>Unspecified</pose>
                                            <truncated>0</truncated>
                                            <difficult>0</difficult>
                                            <bndbox>
                                                <xmin>145.8701955176264</xmin>
                                                <ymin>122.09492001291049</ymin>
                                                <xmax>219.5861709820969</xmax>
                                                <ymax>248.71186440677968</ymax>
                                            </bndbox>
                                    </object>
                                    </annotation>