<annotation verified="yes">
                                    <folder>Annotation</folder>
                                    <filename>th (2)</filename>
                                    <path>C:\Users\HT\Downloads\beer_bottle_cup_dataset\train\annotations\JPEGImages\th (2).jpeg</path>
                                    <source>
                                        <database>Unknown</database>
                                    </source>
                                    <size>
                                        <width>474</width>
                                        <height>528</height>
                                        <depth>3</depth>
                                    </size>
                                    <segmented>0</segmented>
                                    <object>
                                            <name>guinness_c</name>
                                            <pose>Unspecified</pose>
                                            <truncated>0</truncated>
                                            <difficult>0</difficult>
                                            <bndbox>
                                                <xmin>249.11168105068265</xmin>
                                                <ymin>107.09152997550318</ymin>
                                                <xmax>393.85366426582215</xmax>
                                                <ymax>451.93220338983053</ymax>
                                            </bndbox>
                                    </object>
                                    </annotation>