<annotation verified="yes">
                                    <folder>Annotation</folder>
                                    <filename>th (1)</filename>
                                    <path>C:\Users\HT\Downloads\beer_bottle_cup_dataset\train\annotations\JPEGImages\th (1).jpeg</path>
                                    <source>
                                        <database>Unknown</database>
                                    </source>
                                    <size>
                                        <width>474</width>
                                        <height>433</height>
                                        <depth>3</depth>
                                    </size>
                                    <segmented>0</segmented>
                                    <object>
                                            <name>guinness_c</name>
                                            <pose>Unspecified</pose>
                                            <truncated>0</truncated>
                                            <difficult>0</difficult>
                                            <bndbox>
                                                <xmin>298.85271317829455</xmin>
                                                <ymin>36.93954895579882</ymin>
                                                <xmax>443.8697973443556</xmax>
                                                <ymax>380.4039548022599</ymax>
                                            </bndbox>
                                    </object>
                                    
                                    <object>
                                            <name>guinness_c</name>
                                            <pose>Unspecified</pose>
                                            <truncated>0</truncated>
                                            <difficult>0</difficult>
                                            <bndbox>
                                                <xmin>29.88528253126514</xmin>
                                                <ymin>231.6672428368175</ymin>
                                                <xmax>291.0139609639959</xmax>
                                                <ymax>394.1034047617077</ymax>
                                            </bndbox>
                                    </object>
                                    </annotation>