<annotation verified="yes">
                                    <folder>Annotation</folder>
                                    <filename>th</filename>
                                    <path>C:\Users\HT\Downloads\beer_bottle_cup_dataset\train\annotations\JPEGImages\th.jpeg</path>
                                    <source>
                                        <database>Unknown</database>
                                    </source>
                                    <size>
                                        <width>474</width>
                                        <height>819</height>
                                        <depth>3</depth>
                                    </size>
                                    <segmented>0</segmented>
                                    <object>
                                            <name>guinness_b</name>
                                            <pose>Unspecified</pose>
                                            <truncated>0</truncated>
                                            <difficult>0</difficult>
                                            <bndbox>
                                                <xmin>53.20880934771369</xmin>
                                                <ymin>90.22881355932203</ymin>
                                                <xmax>222.3617930692785</xmax>
                                                <ymax>767.6390254133838</ymax>
                                            </bndbox>
                                    </object>
                                    
                                    <object>
                                            <name>guinness_b</name>
                                            <pose>Unspecified</pose>
                                            <truncated>0</truncated>
                                            <difficult>0</difficult>
                                            <bndbox>
                                                <xmin>233.51470588235293</xmin>
                                                <ymin>121.69322563430009</ymin>
                                                <xmax>376.6441318287569</xmax>
                                                <ymax>752.832189268985</ymax>
                                            </bndbox>
                                    </object>
                                    </annotation>