<annotation verified="yes">
                                    <folder>Annotation</folder>
                                    <filename>The-Viora-Lid-Finally-Solves-the-Problem-of-Terribly-Designed-Disposable-Coffee-Cup-Lids</filename>
                                    <path>C:\Users\HT\Downloads\beer_bottle_cup_dataset\train\annotations\JPEGImages\The-Viora-Lid-Finally-Solves-the-Problem-of-Terribly-Designed-Disposable-Coffee-Cup-Lids.jpg</path>
                                    <source>
                                        <database>Unknown</database>
                                    </source>
                                    <size>
                                        <width>690</width>
                                        <height>419</height>
                                        <depth>3</depth>
                                    </size>
                                    <segmented>0</segmented>
                                    <object>
                                            <name>cup</name>
                                            <pose>Unspecified</pose>
                                            <truncated>0</truncated>
                                            <difficult>0</difficult>
                                            <bndbox>
                                                <xmin>338.47938144329896</xmin>
                                                <ymin>55.62994350282486</ymin>
                                                <xmax>574.6443443691608</xmax>
                                                <ymax>394.61750690007614</ymax>
                                            </bndbox>
                                    </object>
                                    </annotation>