<annotation verified="yes">
                                    <folder>Annotation</folder>
                                    <filename>these-are-the-three-greats</filename>
                                    <path>C:\Users\HT\Downloads\beer_bottle_cup_dataset\train\annotations\JPEGImages\these-are-the-three-greats.jpg</path>
                                    <source>
                                        <database>Unknown</database>
                                    </source>
                                    <size>
                                        <width>550</width>
                                        <height>413</height>
                                        <depth>3</depth>
                                    </size>
                                    <segmented>0</segmented>
                                    <object>
                                            <name>jucifer</name>
                                            <pose>Unspecified</pose>
                                            <truncated>0</truncated>
                                            <difficult>0</difficult>
                                            <bndbox>
                                                <xmin>191.04034683000765</xmin>
                                                <ymin>46.43333689371745</ymin>
                                                <xmax>362.9299576874751</xmax>
                                                <ymax>392.70000712076825</ymax>
                                            </bndbox>
                                    </object>
                                    </annotation>