<annotation verified="yes">
                                    <folder>Annotation</folder>
                                    <filename>top-brands</filename>
                                    <path>C:\Users\HT\Downloads\beer_bottle_cup_dataset\train\annotations\JPEGImages\top-brands.jpg</path>
                                    <source>
                                        <database>Unknown</database>
                                    </source>
                                    <size>
                                        <width>580</width>
                                        <height>375</height>
                                        <depth>3</depth>
                                    </size>
                                    <segmented>0</segmented>
                                    <object>
                                            <name>water_b</name>
                                            <pose>Unspecified</pose>
                                            <truncated>0</truncated>
                                            <difficult>0</difficult>
                                            <bndbox>
                                                <xmin>20.358314862852776</xmin>
                                                <ymin>133.6864374451718</ymin>
                                                <xmax>88.21937519192042</xmax>
                                                <ymax>339.6186505333852</ymax>
                                            </bndbox>
                                    </object>
                                    
                                    <object>
                                            <name>water_b</name>
                                            <pose>Unspecified</pose>
                                            <truncated>0</truncated>
                                            <difficult>0</difficult>
                                            <bndbox>
                                                <xmin>109.42595654475404</xmin>
                                                <ymin>126.90678289381125</ymin>
                                                <xmax>179.83181634376427</xmax>
                                                <ymax>338.77120583744374</ymax>
                                            </bndbox>
                                    </object>
                                    
                                    <object>
                                            <name>water_b</name>
                                            <pose>Unspecified</pose>
                                            <truncated>0</truncated>
                                            <difficult>0</difficult>
                                            <bndbox>
                                                <xmin>193.40401546610772</xmin>
                                                <ymin>124.36442456002963</ymin>
                                                <xmax>265.5063920657421</xmax>
                                                <ymax>340.4660952293267</ymax>
                                            </bndbox>
                                    </object>
                                    
                                    <object>
                                            <name>water_b</name>
                                            <pose>Unspecified</pose>
                                            <truncated>0</truncated>
                                            <difficult>0</difficult>
                                            <bndbox>
                                                <xmin>284.1681901279707</xmin>
                                                <ymin>104.87288135593221</ymin>
                                                <xmax>360.5118829981718</xmax>
                                                <ymax>340.4660952293267</ymax>
                                            </bndbox>
                                    </object>
                                    
                                    <object>
                                            <name>water_b</name>
                                            <pose>Unspecified</pose>
                                            <truncated>0</truncated>
                                            <difficult>0</difficult>
                                            <bndbox>
                                                <xmin>380.87021404036216</xmin>
                                                <ymin>94.70339144690563</ymin>
                                                <xmax>463.15172380241654</xmax>
                                                <ymax>340.4660952293267</ymax>
                                            </bndbox>
                                    </object>
                                    
                                    <object>
                                            <name>water_b</name>
                                            <pose>Unspecified</pose>
                                            <truncated>0</truncated>
                                            <difficult>0</difficult>
                                            <bndbox>
                                                <xmin>483.51005484460694</xmin>
                                                <ymin>54.025423728813564</ymin>
                                                <xmax>558.1572470935215</xmax>
                                                <ymax>347.2457821086302</ymax>
                                            </bndbox>
                                    </object>
                                    </annotation>