<annotation verified="yes">
                                    <folder>Annotation</folder>
                                    <filename>tzifhDI</filename>
                                    <path>C:\Users\HT\Downloads\beer_bottle_cup_dataset\train\annotations\JPEGImages\tzifhDI.jpg</path>
                                    <source>
                                        <database>Unknown</database>
                                    </source>
                                    <size>
                                        <width>3024</width>
                                        <height>4032</height>
                                        <depth>3</depth>
                                    </size>
                                    <segmented>0</segmented>
                                    <object>
                                            <name>jucifer</name>
                                            <pose>Unspecified</pose>
                                            <truncated>0</truncated>
                                            <difficult>0</difficult>
                                            <bndbox>
                                                <xmin>1613.5606850678066</xmin>
                                                <ymin>1355.3898305084747</ymin>
                                                <xmax>2626.886177034198</xmax>
                                                <ymax>3195.986510195975</ymax>
                                            </bndbox>
                                    </object>
                                    </annotation>