<annotation verified="yes">
                                    <folder>Annotation</folder>
                                    <filename>Unstitled</filename>
                                    <path>C:\Users\HT\Downloads\beer_bottle_cup_dataset\train\annotations\JPEGImages\Unstitled.jpg</path>
                                    <source>
                                        <database>Unknown</database>
                                    </source>
                                    <size>
                                        <width>1152</width>
                                        <height>1000</height>
                                        <depth>3</depth>
                                    </size>
                                    <segmented>0</segmented>
                                    <object>
                                            <name>cup</name>
                                            <pose>Unspecified</pose>
                                            <truncated>0</truncated>
                                            <difficult>0</difficult>
                                            <bndbox>
                                                <xmin>107.55773955773957</xmin>
                                                <ymin>10.734469203625697</ymin>
                                                <xmax>866.1228501228501</xmax>
                                                <ymax>984.7457799534341</ymax>
                                            </bndbox>
                                    </object>
                                    </annotation>