<annotation verified="yes">
                                    <folder>Annotation</folder>
                                    <filename>Untitlged</filename>
                                    <path>C:\Users\HT\Downloads\beer_bottle_cup_dataset\train\annotations\JPEGImages\Untitlged.jpg</path>
                                    <source>
                                        <database>Unknown</database>
                                    </source>
                                    <size>
                                        <width>1280</width>
                                        <height>951</height>
                                        <depth>3</depth>
                                    </size>
                                    <segmented>0</segmented>
                                    <object>
                                            <name>cup</name>
                                            <pose>Unspecified</pose>
                                            <truncated>0</truncated>
                                            <difficult>0</difficult>
                                            <bndbox>
                                                <xmin>590.7899487920168</xmin>
                                                <ymin>171.39492345260362</ymin>
                                                <xmax>973.7143841911765</xmax>
                                                <ymax>818.2898469052072</ymax>
                                            </bndbox>
                                    </object>
                                    </annotation>