<annotation verified="yes">
                                    <folder>Annotation</folder>
                                    <filename>Untitled</filename>
                                    <path>C:\Users\HT\Downloads\beer_bottle_cup_dataset\train\annotations\JPEGImages\Untitled.jpg</path>
                                    <source>
                                        <database>Unknown</database>
                                    </source>
                                    <size>
                                        <width>1152</width>
                                        <height>750</height>
                                        <depth>3</depth>
                                    </size>
                                    <segmented>0</segmented>
                                    <object>
                                            <name>cup</name>
                                            <pose>Unspecified</pose>
                                            <truncated>0</truncated>
                                            <difficult>0</difficult>
                                            <bndbox>
                                                <xmin>4.2430939226519335</xmin>
                                                <ymin>177.54237934694453</ymin>
                                                <xmax>245.25084167817678</xmax>
                                                <ymax>479.2372816700047</ymax>
                                            </bndbox>
                                    </object>
                                    
                                    <object>
                                            <name>cup</name>
                                            <pose>Unspecified</pose>
                                            <truncated>0</truncated>
                                            <difficult>0</difficult>
                                            <bndbox>
                                                <xmin>255.43424119475137</xmin>
                                                <ymin>175.84745762711864</ymin>
                                                <xmax>476.0751251726519</xmax>
                                                <ymax>479.2372816700047</ymax>
                                            </bndbox>
                                    </object>
                                    
                                    <object>
                                            <name>cup</name>
                                            <pose>Unspecified</pose>
                                            <truncated>0</truncated>
                                            <difficult>0</difficult>
                                            <bndbox>
                                                <xmin>487.95580110497235</xmin>
                                                <ymin>177.54237934694453</ymin>
                                                <xmax>723.8718491022099</xmax>
                                                <ymax>486.01696854930816</ymax>
                                            </bndbox>
                                    </object>
                                    </annotation>