<annotation verified="yes">
                                    <folder>Annotation</folder>
                                    <filename>Untjitled</filename>
                                    <path>C:\Users\HT\Downloads\beer_bottle_cup_dataset\train\annotations\JPEGImages\Untjitled.jpg</path>
                                    <source>
                                        <database>Unknown</database>
                                    </source>
                                    <size>
                                        <width>1152</width>
                                        <height>1024</height>
                                        <depth>3</depth>
                                    </size>
                                    <segmented>0</segmented>
                                    <object>
                                            <name>guinness_c</name>
                                            <pose>Unspecified</pose>
                                            <truncated>0</truncated>
                                            <difficult>0</difficult>
                                            <bndbox>
                                                <xmin>423.4613595320352</xmin>
                                                <ymin>103.55705993997175</ymin>
                                                <xmax>747.6422640546483</xmax>
                                                <ymax>758.45427259887</ymax>
                                            </bndbox>
                                    </object>
                                    </annotation>