<annotation verified="yes">
                                    <folder>Annotation</folder>
                                    <filename>vending-cups-a6a</filename>
                                    <path>C:\Users\HT\Downloads\beer_bottle_cup_dataset\train\annotations\JPEGImages\vending-cups-a6a.jpg</path>
                                    <source>
                                        <database>Unknown</database>
                                    </source>
                                    <size>
                                        <width>2300</width>
                                        <height>2300</height>
                                        <depth>3</depth>
                                    </size>
                                    <segmented>0</segmented>
                                    <object>
                                            <name>cup</name>
                                            <pose>Unspecified</pose>
                                            <truncated>0</truncated>
                                            <difficult>0</difficult>
                                            <bndbox>
                                                <xmin>267.03393796069474</xmin>
                                                <ymin>50.67796114474366</ymin>
                                                <xmax>2055.056417863921</xmax>
                                                <ymax>2228.531073446328</ymax>
                                            </bndbox>
                                    </object>
                                    </annotation>