<annotation verified="yes">
                                    <folder>Annotation</folder>
                                    <filename>video-featured</filename>
                                    <path>C:\Users\HT\Downloads\beer_bottle_cup_dataset\train\annotations\JPEGImages\video-featured.png</path>
                                    <source>
                                        <database>Unknown</database>
                                    </source>
                                    <size>
                                        <width>854</width>
                                        <height>480</height>
                                        <depth>3</depth>
                                    </size>
                                    <segmented>0</segmented>
                                    <object>
                                            <name>water_b</name>
                                            <pose>Unspecified</pose>
                                            <truncated>0</truncated>
                                            <difficult>0</difficult>
                                            <bndbox>
                                                <xmin>39.37360890302067</xmin>
                                                <ymin>134.23728813559322</ymin>
                                                <xmax>144.73196377170484</xmax>
                                                <ymax>450.983059123411</ymax>
                                            </bndbox>
                                    </object>
                                    
                                    <object>
                                            <name>water_b</name>
                                            <pose>Unspecified</pose>
                                            <truncated>0</truncated>
                                            <difficult>0</difficult>
                                            <bndbox>
                                                <xmin>150.16280637901804</xmin>
                                                <ymin>124.47458040916312</ymin>
                                                <xmax>257.69350657743564</xmax>
                                                <ymax>441.22033070709745</ymax>
                                            </bndbox>
                                    </object>
                                    
                                    <object>
                                            <name>water_b</name>
                                            <pose>Unspecified</pose>
                                            <truncated>0</truncated>
                                            <difficult>0</difficult>
                                            <bndbox>
                                                <xmin>264.21050113259514</xmin>
                                                <ymin>87.5932182699947</ymin>
                                                <xmax>367.39651067154585</xmax>
                                                <ymax>448.8135593220339</ymax>
                                            </bndbox>
                                    </object>
                                    
                                    <object>
                                            <name>water_b</name>
                                            <pose>Unspecified</pose>
                                            <truncated>0</truncated>
                                            <difficult>0</difficult>
                                            <bndbox>
                                                <xmin>379.3443478340185</xmin>
                                                <ymin>72.40678173000529</ymin>
                                                <xmax>484.70270270270265</xmax>
                                                <ymax>440.13560149629234</ymax>
                                            </bndbox>
                                    </object>
                                    
                                    <object>
                                            <name>water_b</name>
                                            <pose>Unspecified</pose>
                                            <truncated>0</truncated>
                                            <difficult>0</difficult>
                                            <bndbox>
                                                <xmin>498.8228851949088</xmin>
                                                <ymin>80</ymin>
                                                <xmax>596.5780935605873</xmax>
                                                <ymax>436.88137248411016</ymax>
                                            </bndbox>
                                    </object>
                                    
                                    <object>
                                            <name>water_b</name>
                                            <pose>Unspecified</pose>
                                            <truncated>0</truncated>
                                            <difficult>0</difficult>
                                            <bndbox>
                                                <xmin>612.8706213825268</xmin>
                                                <ymin>136.4067775920286</ymin>
                                                <xmax>708.4534015503899</xmax>
                                                <ymax>445.55933030985165</ymax>
                                            </bndbox>
                                    </object>
                                    
                                    <object>
                                            <name>water_b</name>
                                            <pose>Unspecified</pose>
                                            <truncated>0</truncated>
                                            <difficult>0</difficult>
                                            <bndbox>
                                                <xmin>732.3491587434171</xmin>
                                                <ymin>189.559326171875</ymin>
                                                <xmax>824.6734830677414</xmax>
                                                <ymax>449.8983299126059</ymax>
                                            </bndbox>
                                    </object>
                                    </annotation>