<annotation verified="yes">
                                    <folder>Annotation</folder>
                                    <filename>water-bottles</filename>
                                    <path>C:\Users\HT\Downloads\beer_bottle_cup_dataset\train\annotations\JPEGImages\water-bottles.png</path>
                                    <source>
                                        <database>Unknown</database>
                                    </source>
                                    <size>
                                        <width>770</width>
                                        <height>400</height>
                                        <depth>3</depth>
                                    </size>
                                    <segmented>0</segmented>
                                    <object>
                                            <name>water_b</name>
                                            <pose>Unspecified</pose>
                                            <truncated>0</truncated>
                                            <difficult>0</difficult>
                                            <bndbox>
                                                <xmin>59.47430939751399</xmin>
                                                <ymin>119.09606416346664</ymin>
                                                <xmax>158.07048803209034</xmax>
                                                <ymax>355.9322033898305</ymax>
                                            </bndbox>
                                    </object>
                                    
                                    <object>
                                            <name>water_b</name>
                                            <pose>Unspecified</pose>
                                            <truncated>0</truncated>
                                            <difficult>0</difficult>
                                            <bndbox>
                                                <xmin>173.44788113004486</xmin>
                                                <ymin>35.02824858757062</ymin>
                                                <xmax>262.0940001455523</xmax>
                                                <ymax>353.2203458796787</ymax>
                                            </bndbox>
                                    </object>
                                    
                                    <object>
                                            <name>water_b</name>
                                            <pose>Unspecified</pose>
                                            <truncated>0</truncated>
                                            <difficult>0</difficult>
                                            <bndbox>
                                                <xmin>272.0440597646212</xmin>
                                                <ymin>30.508474576271187</ymin>
                                                <xmax>363.4038110136461</xmax>
                                                <ymax>355.9322033898305</ymax>
                                            </bndbox>
                                    </object>
                                    
                                    <object>
                                            <name>water_b</name>
                                            <pose>Unspecified</pose>
                                            <truncated>0</truncated>
                                            <difficult>0</difficult>
                                            <bndbox>
                                                <xmin>380.5903152712291</xmin>
                                                <ymin>26.892656660349356</ymin>
                                                <xmax>480.0910494856197</xmax>
                                                <ymax>361.3559528932733</ymax>
                                            </bndbox>
                                    </object>
                                    
                                    <object>
                                            <name>water_b</name>
                                            <pose>Unspecified</pose>
                                            <truncated>0</truncated>
                                            <difficult>0</difficult>
                                            <bndbox>
                                                <xmin>498.1821265759797</xmin>
                                                <ymin>42.259888729806676</ymin>
                                                <xmax>583.209971513342</xmax>
                                                <ymax>361.3559528932733</ymax>
                                            </bndbox>
                                    </object>
                                    
                                    <object>
                                            <name>water_b</name>
                                            <pose>Unspecified</pose>
                                            <truncated>0</truncated>
                                            <difficult>0</difficult>
                                            <bndbox>
                                                <xmin>607.6329204094392</xmin>
                                                <ymin>54.91525682352357</ymin>
                                                <xmax>701.7063556508696</xmax>
                                                <ymax>361.3559528932733</ymax>
                                            </bndbox>
                                    </object>
                                    </annotation>