<annotation verified="yes">
                                    <folder>Annotation</folder>
                                    <filename>Water-bottle</filename>
                                    <path>C:\Users\HT\Downloads\beer_bottle_cup_dataset\train\annotations\JPEGImages\Water-bottle.jpg</path>
                                    <source>
                                        <database>Unknown</database>
                                    </source>
                                    <size>
                                        <width>3180</width>
                                        <height>5276</height>
                                        <depth>3</depth>
                                    </size>
                                    <segmented>0</segmented>
                                    <object>
                                            <name>water_b</name>
                                            <pose>Unspecified</pose>
                                            <truncated>0</truncated>
                                            <difficult>0</difficult>
                                            <bndbox>
                                                <xmin>922.6481606926717</xmin>
                                                <ymin>390.48362719002415</ymin>
                                                <xmax>2343.943661971831</xmax>
                                                <ymax>4754.3615819209035</ymax>
                                            </bndbox>
                                    </object>
                                    </annotation>