<annotation verified="yes">
                                    <folder>Annotation</folder>
                                    <filename>water (1)</filename>
                                    <path>C:\Users\HT\Downloads\beer_bottle_cup_dataset\train\annotations\JPEGImages\water (1).jpg</path>
                                    <source>
                                        <database>Unknown</database>
                                    </source>
                                    <size>
                                        <width>600</width>
                                        <height>600</height>
                                        <depth>3</depth>
                                    </size>
                                    <segmented>0</segmented>
                                    <object>
                                            <name>water_b</name>
                                            <pose>Unspecified</pose>
                                            <truncated>0</truncated>
                                            <difficult>0</difficult>
                                            <bndbox>
                                                <xmin>221.52544441869705</xmin>
                                                <ymin>41.69492236638474</ymin>
                                                <xmax>385.5932203389831</xmax>
                                                <ymax>559.6610376390361</ymax>
                                            </bndbox>
                                    </object>
                                    </annotation>