<annotation verified="yes">
                                    <folder>Annotation</folder>
                                    <filename>water-bottle-brands-1</filename>
                                    <path>C:\Users\HT\Downloads\beer_bottle_cup_dataset\train\annotations\JPEGImages\water-bottle-brands-1.jpg</path>
                                    <source>
                                        <database>Unknown</database>
                                    </source>
                                    <size>
                                        <width>2832</width>
                                        <height>4256</height>
                                        <depth>3</depth>
                                    </size>
                                    <segmented>0</segmented>
                                    <object>
                                            <name>water_b</name>
                                            <pose>Unspecified</pose>
                                            <truncated>0</truncated>
                                            <difficult>0</difficult>
                                            <bndbox>
                                                <xmin>858.0358917885637</xmin>
                                                <ymin>353.46442512469105</ymin>
                                                <xmax>1966.7337641289892</xmax>
                                                <ymax>3873.6815026924437</ymax>
                                            </bndbox>
                                    </object>
                                    </annotation>