<annotation verified="yes">
                                    <folder>Annotation</folder>
                                    <filename>water</filename>
                                    <path>C:\Users\HT\Downloads\beer_bottle_cup_dataset\train\annotations\JPEGImages\water.jpg</path>
                                    <source>
                                        <database>Unknown</database>
                                    </source>
                                    <size>
                                        <width>600</width>
                                        <height>600</height>
                                        <depth>3</depth>
                                    </size>
                                    <segmented>0</segmented>
                                    <object>
                                            <name>water_b</name>
                                            <pose>Unspecified</pose>
                                            <truncated>0</truncated>
                                            <difficult>0</difficult>
                                            <bndbox>
                                                <xmin>224.23731917041843</xmin>
                                                <ymin>45.76271186440678</ymin>
                                                <xmax>377.45764780852755</xmax>
                                                <ymax>554.2372881355933</ymax>
                                            </bndbox>
                                    </object>
                                    </annotation>